h,t,t,p,s,:,/,/,w,w,w,.,m,t,s,a,m,p,l,e,s,.,c,o,m,/,s,i,t,e,/,p,a,g,e,s,/,s,a,m,p,l,e,.,a,s,p,?,T,y,p,e,=,9,5,-,R,a,d,i,o,l,o,g,y,&,S,a,m,p,l,e,=,2,4,0,4,-,2,-,D, ,D,o,p,p,l,e,r
h,t,t,p,s,:,/,/,w,w,w,.,m,t,s,a,m,p,l,e,s,.,c,o,m,/,s,i,t,e,/,p,a,g,e,s,/,s,a,m,p,l,e,.,a,s,p,?,T,y,p,e,=,9,5,-,R,a,d,i,o,l,o,g,y,&,S,a,m,p,l,e,=,4,5,-,2,-,D, ,E,c,h,o,c,a,r,d,i,o,g,r,a,m, ,-, ,1
h,t,t,p,s,:,/,/,w,w,w,.,m,t,s,a,m,p,l,e,s,.,c,o,m,/,s,i,t,e,/,p,a,g,e,s,/,s,a,m,p,l,e,.,a,s,p,?,T,y,p,e,=,9,5,-,R,a,d,i,o,l,o,g,y,&,S,a,m,p,l,e,=,2,4,5,-,2,-,D, ,E,c,h,o,c,a,r,d,i,o,g,r,a,m, ,-, ,2
h,t,t,p,s,:,/,/,w,w,w,.,m,t,s,a,m,p,l,e,s,.,c,o,m,/,s,i,t,e,/,p,a,g,e,s,/,s,a,m,p,l,e,.,a,s,p,?,T,y,p,e,=,9,5,-,R,a,d,i,o,l,o,g,y,&,S,a,m,p,l,e,=,2,6,8,-,2,-,D, ,E,c,h,o,c,a,r,d,i,o,g,r,a,m, ,-, ,3
h,t,t,p,s,:,/,/,w,w,w,.,m,t,s,a,m,p,l,e,s,.,c,o,m,/,s,i,t,e,/,p,a,g,e,s,/,s,a,m,p,l,e,.,a,s,p,?,T,y,p,e,=,9,5,-,R,a,d,i,o,l,o,g,y,&,S,a,m,p,l,e,=,9,8,8,-,2,-,D, ,E,c,h,o,c,a,r,d,i,o,g,r,a,m, ,-, ,4
h,t,t,p,s,:,/,/,w,w,w,.,m,t,s,a,m,p,l,e,s,.,c,o,m,/,s,i,t,e,/,p,a,g,e,s,/,s,a,m,p,l,e,.,a,s,p,?,T,y,p,e,=,9,5,-,R,a,d,i,o,l,o,g,y,&,S,a,m,p,l,e,=,2,3,8,0,-,3,-,D,i,m,e,n,s,i,o,n,a,l, ,S,i,m,u,l,a,t,i,o,n
h,t,t,p,s,:,/,/,w,w,w,.,m,t,s,a,m,p,l,e,s,.,c,o,m,/,s,i,t,e,/,p,a,g,e,s,/,s,a,m,p,l,e,.,a,s,p,?,T,y,p,e,=,9,5,-,R,a,d,i,o,l,o,g,y,&,S,a,m,p,l,e,=,4,9,7,-,A,c,u,t,e, ,I,n,t,r,a,c,e,r,e,b,r,a,l, ,H,e,m,o,r,r,h,a,g,e
h,t,t,p,s,:,/,/,w,w,w,.,m,t,s,a,m,p,l,e,s,.,c,o,m,/,s,i,t,e,/,p,a,g,e,s,/,s,a,m,p,l,e,.,a,s,p,?,T,y,p,e,=,9,5,-,R,a,d,i,o,l,o,g,y,&,S,a,m,p,l,e,=,1,6,0,5,-,A,d,e,n,o,s,i,n,e, ,N,u,c,l,e,a,r, ,S,c,a,n
h,t,t,p,s,:,/,/,w,w,w,.,m,t,s,a,m,p,l,e,s,.,c,o,m,/,s,i,t,e,/,p,a,g,e,s,/,s,a,m,p,l,e,.,a,s,p,?,T,y,p,e,=,9,5,-,R,a,d,i,o,l,o,g,y,&,S,a,m,p,l,e,=,5,6,6,-,A,l,z,h,e,i,m,e,r, ,D,i,s,e,a,s,e
h,t,t,p,s,:,/,/,w,w,w,.,m,t,s,a,m,p,l,e,s,.,c,o,m,/,s,i,t,e,/,p,a,g,e,s,/,s,a,m,p,l,e,.,a,s,p,?,T,y,p,e,=,9,5,-,R,a,d,i,o,l,o,g,y,&,S,a,m,p,l,e,=,1,4,0,0,-,A,n,g,i,o,g,r,a,m, ,&, ,S,t,a,r,C,l,o,s,e, ,C,l,o,s,u,r,e
h,t,t,p,s,:,/,/,w,w,w,.,m,t,s,a,m,p,l,e,s,.,c,o,m,/,s,i,t,e,/,p,a,g,e,s,/,s,a,m,p,l,e,.,a,s,p,?,T,y,p,e,=,9,5,-,R,a,d,i,o,l,o,g,y,&,S,a,m,p,l,e,=,5,0,2,-,A,r,a,c,h,n,o,i,d, ,C,y,s,t
h,t,t,p,s,:,/,/,w,w,w,.,m,t,s,a,m,p,l,e,s,.,c,o,m,/,s,i,t,e,/,p,a,g,e,s,/,s,a,m,p,l,e,.,a,s,p,?,T,y,p,e,=,9,5,-,R,a,d,i,o,l,o,g,y,&,S,a,m,p,l,e,=,4,6,-,A,r,t,e,r,i,a,l, ,I,m,a,g,i,n,g
h,t,t,p,s,:,/,/,w,w,w,.,m,t,s,a,m,p,l,e,s,.,c,o,m,/,s,i,t,e,/,p,a,g,e,s,/,s,a,m,p,l,e,.,a,s,p,?,T,y,p,e,=,9,5,-,R,a,d,i,o,l,o,g,y,&,S,a,m,p,l,e,=,5,4,0,-,A,s,t,r,o,c,y,t,o,m,a
h,t,t,p,s,:,/,/,w,w,w,.,m,t,s,a,m,p,l,e,s,.,c,o,m,/,s,i,t,e,/,p,a,g,e,s,/,s,a,m,p,l,e,.,a,s,p,?,T,y,p,e,=,9,5,-,R,a,d,i,o,l,o,g,y,&,S,a,m,p,l,e,=,4,8,9,-,A,V,M, ,w,i,t,h, ,H,e,m,o,r,r,h,a,g,e
h,t,t,p,s,:,/,/,w,w,w,.,m,t,s,a,m,p,l,e,s,.,c,o,m,/,s,i,t,e,/,p,a,g,e,s,/,s,a,m,p,l,e,.,a,s,p,?,T,y,p,e,=,9,5,-,R,a,d,i,o,l,o,g,y,&,S,a,m,p,l,e,=,1,0,3,3,-,B,a,r,i,u,m, ,E,n,e,m,a
h,t,t,p,s,:,/,/,w,w,w,.,m,t,s,a,m,p,l,e,s,.,c,o,m,/,s,i,t,e,/,p,a,g,e,s,/,s,a,m,p,l,e,.,a,s,p,?,T,y,p,e,=,9,5,-,R,a,d,i,o,l,o,g,y,&,S,a,m,p,l,e,=,9,9,2,-,B,i,l,a,t,e,r,a,l, ,C,a,r,o,t,i,d, ,A,n,g,i,o,g,r,a,p,h,y
h,t,t,p,s,:,/,/,w,w,w,.,m,t,s,a,m,p,l,e,s,.,c,o,m,/,s,i,t,e,/,p,a,g,e,s,/,s,a,m,p,l,e,.,a,s,p,?,T,y,p,e,=,9,5,-,R,a,d,i,o,l,o,g,y,&,S,a,m,p,l,e,=,1,0,3,2,-,B,i,l,a,t,e,r,a,l, ,M,a,m,m,o,g,r,a,m
h,t,t,p,s,:,/,/,w,w,w,.,m,t,s,a,m,p,l,e,s,.,c,o,m,/,s,i,t,e,/,p,a,g,e,s,/,s,a,m,p,l,e,.,a,s,p,?,T,y,p,e,=,9,5,-,R,a,d,i,o,l,o,g,y,&,S,a,m,p,l,e,=,1,5,8,4,-,B,i,o,p,h,y,s,i,c,a,l, ,P,r,o,f,i,l,e
h,t,t,p,s,:,/,/,w,w,w,.,m,t,s,a,m,p,l,e,s,.,c,o,m,/,s,i,t,e,/,p,a,g,e,s,/,s,a,m,p,l,e,.,a,s,p,?,T,y,p,e,=,9,5,-,R,a,d,i,o,l,o,g,y,&,S,a,m,p,l,e,=,1,5,8,5,-,B,i,o,p,h,y,s,i,c,a,l, ,P,r,o,f,i,l,e, ,-, ,1
h,t,t,p,s,:,/,/,w,w,w,.,m,t,s,a,m,p,l,e,s,.,c,o,m,/,s,i,t,e,/,p,a,g,e,s,/,s,a,m,p,l,e,.,a,s,p,?,T,y,p,e,=,9,5,-,R,a,d,i,o,l,o,g,y,&,S,a,m,p,l,e,=,5,3,7,-,B,r,a,i,n, ,M,R,I, ,-, ,P,i,t,u,i,t,a,r,y, ,A,d,e,n,o,m,a
h,t,t,p,s,:,/,/,w,w,w,.,m,t,s,a,m,p,l,e,s,.,c,o,m,/,s,i,t,e,/,p,a,g,e,s,/,s,a,m,p,l,e,.,a,s,p,?,T,y,p,e,=,9,5,-,R,a,d,i,o,l,o,g,y,&,S,a,m,p,l,e,=,1,0,3,5,-,B,r,e,a,s,t, ,U,l,t,r,a,s,o,u,n,d, ,&, ,B,i,o,p,s,y
h,t,t,p,s,:,/,/,w,w,w,.,m,t,s,a,m,p,l,e,s,.,c,o,m,/,s,i,t,e,/,p,a,g,e,s,/,s,a,m,p,l,e,.,a,s,p,?,T,y,p,e,=,9,5,-,R,a,d,i,o,l,o,g,y,&,S,a,m,p,l,e,=,1,1,8,7,-,C,a,r,d,i,a,c, ,R,a,d,i,o,n,u,c,l,i,d,e, ,S,t,r,e,s,s, ,T,e,s,t
h,t,t,p,s,:,/,/,w,w,w,.,m,t,s,a,m,p,l,e,s,.,c,o,m,/,s,i,t,e,/,p,a,g,e,s,/,s,a,m,p,l,e,.,a,s,p,?,T,y,p,e,=,9,5,-,R,a,d,i,o,l,o,g,y,&,S,a,m,p,l,e,=,1,9,1,9,-,C,a,r,d,i,o,l,i,t,e, ,T,r,e,a,d,m,i,l,l, ,S,t,r,e,s,s, ,T,e,s,t
h,t,t,p,s,:,/,/,w,w,w,.,m,t,s,a,m,p,l,e,s,.,c,o,m,/,s,i,t,e,/,p,a,g,e,s,/,s,a,m,p,l,e,.,a,s,p,?,T,y,p,e,=,9,5,-,R,a,d,i,o,l,o,g,y,&,S,a,m,p,l,e,=,2,4,9,-,C,a,r,o,t,i,d, ,&, ,C,e,r,e,b,r,a,l, ,A,r,t,e,r,i,o,g,r,a,m,s
h,t,t,p,s,:,/,/,w,w,w,.,m,t,s,a,m,p,l,e,s,.,c,o,m,/,s,i,t,e,/,p,a,g,e,s,/,s,a,m,p,l,e,.,a,s,p,?,T,y,p,e,=,9,5,-,R,a,d,i,o,l,o,g,y,&,S,a,m,p,l,e,=,9,8,9,-,C,a,r,o,t,i,d, ,D,o,p,p,l,e,r, ,R,e,p,o,r,t
h,t,t,p,s,:,/,/,w,w,w,.,m,t,s,a,m,p,l,e,s,.,c,o,m,/,s,i,t,e,/,p,a,g,e,s,/,s,a,m,p,l,e,.,a,s,p,?,T,y,p,e,=,9,5,-,R,a,d,i,o,l,o,g,y,&,S,a,m,p,l,e,=,1,5,1,4,-,C,a,r,o,t,i,d, ,U,l,t,r,a,s,o,u,n,d
h,t,t,p,s,:,/,/,w,w,w,.,m,t,s,a,m,p,l,e,s,.,c,o,m,/,s,i,t,e,/,p,a,g,e,s,/,s,a,m,p,l,e,.,a,s,p,?,T,y,p,e,=,9,5,-,R,a,d,i,o,l,o,g,y,&,S,a,m,p,l,e,=,5,4,6,-,C,e,r,e,b,r,a,l, ,A,n,g,i,o,g,r,a,m
h,t,t,p,s,:,/,/,w,w,w,.,m,t,s,a,m,p,l,e,s,.,c,o,m,/,s,i,t,e,/,p,a,g,e,s,/,s,a,m,p,l,e,.,a,s,p,?,T,y,p,e,=,9,5,-,R,a,d,i,o,l,o,g,y,&,S,a,m,p,l,e,=,4,6,1,-,C,e,r,e,b,r,a,l, ,A,n,g,i,o,g,r,a,m, ,-, ,L,a,t,e,r,a,l, ,M,e,d,u,l,l,a,r,y, ,S,y,n,d,r,o,m,e
h,t,t,p,s,:,/,/,w,w,w,.,m,t,s,a,m,p,l,e,s,.,c,o,m,/,s,i,t,e,/,p,a,g,e,s,/,s,a,m,p,l,e,.,a,s,p,?,T,y,p,e,=,9,5,-,R,a,d,i,o,l,o,g,y,&,S,a,m,p,l,e,=,4,7,0,-,C,e,r,e,b,r,a,l, ,A,n,g,i,o,g,r,a,m, ,-, ,L,e,f,t, ,I,C,A,/,P,C,A, ,A,n,e,u,r,y,s,m
h,t,t,p,s,:,/,/,w,w,w,.,m,t,s,a,m,p,l,e,s,.,c,o,m,/,s,i,t,e,/,p,a,g,e,s,/,s,a,m,p,l,e,.,a,s,p,?,T,y,p,e,=,9,5,-,R,a,d,i,o,l,o,g,y,&,S,a,m,p,l,e,=,4,9,8,-,C,e,r,e,b,r,a,l, ,A,n,g,i,o,g,r,a,m, ,&, ,M,R,A
h,t,t,p,s,:,/,/,w,w,w,.,m,t,s,a,m,p,l,e,s,.,c,o,m,/,s,i,t,e,/,p,a,g,e,s,/,s,a,m,p,l,e,.,a,s,p,?,T,y,p,e,=,9,5,-,R,a,d,i,o,l,o,g,y,&,S,a,m,p,l,e,=,5,5,6,-,C,h,e,s,t, ,C,T, ,-, ,M,y,a,s,t,h,e,n,i,a, ,G,r,a,v,i,s
h,t,t,p,s,:,/,/,w,w,w,.,m,t,s,a,m,p,l,e,s,.,c,o,m,/,s,i,t,e,/,p,a,g,e,s,/,s,a,m,p,l,e,.,a,s,p,?,T,y,p,e,=,9,5,-,R,a,d,i,o,l,o,g,y,&,S,a,m,p,l,e,=,1,3,9,1,-,C,h,e,s,t, ,P,A, ,&, ,L,a,t,e,r,a,l
h,t,t,p,s,:,/,/,w,w,w,.,m,t,s,a,m,p,l,e,s,.,c,o,m,/,s,i,t,e,/,p,a,g,e,s,/,s,a,m,p,l,e,.,a,s,p,?,T,y,p,e,=,9,5,-,R,a,d,i,o,l,o,g,y,&,S,a,m,p,l,e,=,1,5,2,1,-,C,h,e,s,t, ,P,u,l,m,o,n,a,r,y, ,A,n,g,i,o
h,t,t,p,s,:,/,/,w,w,w,.,m,t,s,a,m,p,l,e,s,.,c,o,m,/,s,i,t,e,/,p,a,g,e,s,/,s,a,m,p,l,e,.,a,s,p,?,T,y,p,e,=,9,5,-,R,a,d,i,o,l,o,g,y,&,S,a,m,p,l,e,=,2,3,7,7,-,C,o,n,c,o,m,i,t,a,n,t, ,C,h,e,m,o,r,a,d,i,o,t,h,e,r,a,p,y
h,t,t,p,s,:,/,/,w,w,w,.,m,t,s,a,m,p,l,e,s,.,c,o,m,/,s,i,t,e,/,p,a,g,e,s,/,s,a,m,p,l,e,.,a,s,p,?,T,y,p,e,=,9,5,-,R,a,d,i,o,l,o,g,y,&,S,a,m,p,l,e,=,2,3,7,6,-,C,o,n,f,o,r,m,a,l, ,S,i,m,u,l,a,t,i,o,n
h,t,t,p,s,:,/,/,w,w,w,.,m,t,s,a,m,p,l,e,s,.,c,o,m,/,s,i,t,e,/,p,a,g,e,s,/,s,a,m,p,l,e,.,a,s,p,?,T,y,p,e,=,9,5,-,R,a,d,i,o,l,o,g,y,&,S,a,m,p,l,e,=,9,8,3,-,C,o,r,o,n,a,r,y, ,C,T, ,A,n,g,i,o,g,r,a,p,h,y, ,(,C,C,T,A,), ,-, ,1
h,t,t,p,s,:,/,/,w,w,w,.,m,t,s,a,m,p,l,e,s,.,c,o,m,/,s,i,t,e,/,p,a,g,e,s,/,s,a,m,p,l,e,.,a,s,p,?,T,y,p,e,=,9,5,-,R,a,d,i,o,l,o,g,y,&,S,a,m,p,l,e,=,1,0,3,1,-,C,o,r,o,n,a,r,y, ,C,T, ,A,n,g,i,o,g,r,a,p,h,y, ,(,C,C,T,A,), ,-, ,2
h,t,t,p,s,:,/,/,w,w,w,.,m,t,s,a,m,p,l,e,s,.,c,o,m,/,s,i,t,e,/,p,a,g,e,s,/,s,a,m,p,l,e,.,a,s,p,?,T,y,p,e,=,9,5,-,R,a,d,i,o,l,o,g,y,&,S,a,m,p,l,e,=,1,0,3,8,-,C,o,r,o,n,a,r,y, ,C,T, ,A,n,g,i,o,g,r,a,p,h,y, ,(,C,C,T,A,), ,-, ,3
h,t,t,p,s,:,/,/,w,w,w,.,m,t,s,a,m,p,l,e,s,.,c,o,m,/,s,i,t,e,/,p,a,g,e,s,/,s,a,m,p,l,e,.,a,s,p,?,T,y,p,e,=,9,5,-,R,a,d,i,o,l,o,g,y,&,S,a,m,p,l,e,=,8,0,8,-,C,o,r,o,n,a,r,y, ,C,T, ,A,n,g,i,o,g,r,a,p,h,y, ,(,C,C,T,A,), ,-, ,4
h,t,t,p,s,:,/,/,w,w,w,.,m,t,s,a,m,p,l,e,s,.,c,o,m,/,s,i,t,e,/,p,a,g,e,s,/,s,a,m,p,l,e,.,a,s,p,?,T,y,p,e,=,9,5,-,R,a,d,i,o,l,o,g,y,&,S,a,m,p,l,e,=,8,0,9,-,C,o,r,o,n,a,r,y, ,C,T, ,A,n,g,i,o,g,r,a,p,h,y, ,(,C,C,T,A,), ,-, ,5
h,t,t,p,s,:,/,/,w,w,w,.,m,t,s,a,m,p,l,e,s,.,c,o,m,/,s,i,t,e,/,p,a,g,e,s,/,s,a,m,p,l,e,.,a,s,p,?,T,y,p,e,=,9,5,-,R,a,d,i,o,l,o,g,y,&,S,a,m,p,l,e,=,1,3,8,5,-,C,T, ,A,b,d,o,m,e,n, ,&, ,P,e,l,v,i,s
h,t,t,p,s,:,/,/,w,w,w,.,m,t,s,a,m,p,l,e,s,.,c,o,m,/,s,i,t,e,/,p,a,g,e,s,/,s,a,m,p,l,e,.,a,s,p,?,T,y,p,e,=,9,5,-,R,a,d,i,o,l,o,g,y,&,S,a,m,p,l,e,=,1,3,9,2,-,C,T, ,A,b,d,o,m,e,n, ,&, ,P,e,l,v,i,s, ,-, ,1
h,t,t,p,s,:,/,/,w,w,w,.,m,t,s,a,m,p,l,e,s,.,c,o,m,/,s,i,t,e,/,p,a,g,e,s,/,s,a,m,p,l,e,.,a,s,p,?,T,y,p,e,=,9,5,-,R,a,d,i,o,l,o,g,y,&,S,a,m,p,l,e,=,1,7,7,4,-,C,T, ,A,b,d,o,m,e,n, ,&, ,P,e,l,v,i,s, ,-, ,1,0
h,t,t,p,s,:,/,/,w,w,w,.,m,t,s,a,m,p,l,e,s,.,c,o,m,/,s,i,t,e,/,p,a,g,e,s,/,s,a,m,p,l,e,.,a,s,p,?,T,y,p,e,=,9,5,-,R,a,d,i,o,l,o,g,y,&,S,a,m,p,l,e,=,1,8,5,5,-,C,T, ,A,b,d,o,m,e,n, ,&, ,P,e,l,v,i,s, ,-, ,1,1
h,t,t,p,s,:,/,/,w,w,w,.,m,t,s,a,m,p,l,e,s,.,c,o,m,/,s,i,t,e,/,p,a,g,e,s,/,s,a,m,p,l,e,.,a,s,p,?,T,y,p,e,=,9,5,-,R,a,d,i,o,l,o,g,y,&,S,a,m,p,l,e,=,1,4,0,3,-,C,T, ,A,b,d,o,m,e,n, ,&, ,P,e,l,v,i,s, ,-, ,2
h,t,t,p,s,:,/,/,w,w,w,.,m,t,s,a,m,p,l,e,s,.,c,o,m,/,s,i,t,e,/,p,a,g,e,s,/,s,a,m,p,l,e,.,a,s,p,?,T,y,p,e,=,9,5,-,R,a,d,i,o,l,o,g,y,&,S,a,m,p,l,e,=,1,4,1,1,-,C,T, ,A,b,d,o,m,e,n, ,&, ,P,e,l,v,i,s, ,-, ,3
h,t,t,p,s,:,/,/,w,w,w,.,m,t,s,a,m,p,l,e,s,.,c,o,m,/,s,i,t,e,/,p,a,g,e,s,/,s,a,m,p,l,e,.,a,s,p,?,T,y,p,e,=,9,5,-,R,a,d,i,o,l,o,g,y,&,S,a,m,p,l,e,=,1,5,1,5,-,C,T, ,A,b,d,o,m,e,n, ,&, ,P,e,l,v,i,s, ,-, ,4
h,t,t,p,s,:,/,/,w,w,w,.,m,t,s,a,m,p,l,e,s,.,c,o,m,/,s,i,t,e,/,p,a,g,e,s,/,s,a,m,p,l,e,.,a,s,p,?,T,y,p,e,=,9,5,-,R,a,d,i,o,l,o,g,y,&,S,a,m,p,l,e,=,1,5,1,8,-,C,T, ,A,b,d,o,m,e,n, ,&, ,P,e,l,v,i,s, ,-, ,5
h,t,t,p,s,:,/,/,w,w,w,.,m,t,s,a,m,p,l,e,s,.,c,o,m,/,s,i,t,e,/,p,a,g,e,s,/,s,a,m,p,l,e,.,a,s,p,?,T,y,p,e,=,9,5,-,R,a,d,i,o,l,o,g,y,&,S,a,m,p,l,e,=,1,7,6,6,-,C,T, ,A,b,d,o,m,e,n, ,&, ,P,e,l,v,i,s, ,-, ,6
h,t,t,p,s,:,/,/,w,w,w,.,m,t,s,a,m,p,l,e,s,.,c,o,m,/,s,i,t,e,/,p,a,g,e,s,/,s,a,m,p,l,e,.,a,s,p,?,T,y,p,e,=,9,5,-,R,a,d,i,o,l,o,g,y,&,S,a,m,p,l,e,=,1,7,6,8,-,C,T, ,A,b,d,o,m,e,n, ,&, ,P,e,l,v,i,s, ,-, ,7
h,t,t,p,s,:,/,/,w,w,w,.,m,t,s,a,m,p,l,e,s,.,c,o,m,/,s,i,t,e,/,p,a,g,e,s,/,s,a,m,p,l,e,.,a,s,p,?,T,y,p,e,=,9,5,-,R,a,d,i,o,l,o,g,y,&,S,a,m,p,l,e,=,1,7,6,9,-,C,T, ,A,b,d,o,m,e,n, ,&, ,P,e,l,v,i,s, ,-, ,8
h,t,t,p,s,:,/,/,w,w,w,.,m,t,s,a,m,p,l,e,s,.,c,o,m,/,s,i,t,e,/,p,a,g,e,s,/,s,a,m,p,l,e,.,a,s,p,?,T,y,p,e,=,9,5,-,R,a,d,i,o,l,o,g,y,&,S,a,m,p,l,e,=,1,7,7,3,-,C,T, ,A,b,d,o,m,e,n, ,&, ,P,e,l,v,i,s, ,-, ,9
h,t,t,p,s,:,/,/,w,w,w,.,m,t,s,a,m,p,l,e,s,.,c,o,m,/,s,i,t,e,/,p,a,g,e,s,/,s,a,m,p,l,e,.,a,s,p,?,T,y,p,e,=,9,5,-,R,a,d,i,o,l,o,g,y,&,S,a,m,p,l,e,=,1,8,6,1,-,C,T, ,A,b,d,o,m,e,n, ,&, ,P,e,l,v,i,s, ,-, ,O,B,-,G,Y,N
h,t,t,p,s,:,/,/,w,w,w,.,m,t,s,a,m,p,l,e,s,.,c,o,m,/,s,i,t,e,/,p,a,g,e,s,/,s,a,m,p,l,e,.,a,s,p,?,T,y,p,e,=,9,5,-,R,a,d,i,o,l,o,g,y,&,S,a,m,p,l,e,=,1,7,6,7,-,C,T, ,A,n,g,i,o,g,r,a,p,h,y
h,t,t,p,s,:,/,/,w,w,w,.,m,t,s,a,m,p,l,e,s,.,c,o,m,/,s,i,t,e,/,p,a,g,e,s,/,s,a,m,p,l,e,.,a,s,p,?,T,y,p,e,=,9,5,-,R,a,d,i,o,l,o,g,y,&,S,a,m,p,l,e,=,1,7,7,1,-,C,T, ,A,n,g,i,o,g,r,a,p,h,y, ,-, ,1
h,t,t,p,s,:,/,/,w,w,w,.,m,t,s,a,m,p,l,e,s,.,c,o,m,/,s,i,t,e,/,p,a,g,e,s,/,s,a,m,p,l,e,.,a,s,p,?,T,y,p,e,=,9,5,-,R,a,d,i,o,l,o,g,y,&,S,a,m,p,l,e,=,4,6,8,-,C,T, ,B,r,a,i,n
h,t,t,p,s,:,/,/,w,w,w,.,m,t,s,a,m,p,l,e,s,.,c,o,m,/,s,i,t,e,/,p,a,g,e,s,/,s,a,m,p,l,e,.,a,s,p,?,T,y,p,e,=,9,5,-,R,a,d,i,o,l,o,g,y,&,S,a,m,p,l,e,=,4,9,1,-,C,T, ,B,r,a,i,n, ,-, ,A,n,e,u,r,y,s,m
h,t,t,p,s,:,/,/,w,w,w,.,m,t,s,a,m,p,l,e,s,.,c,o,m,/,s,i,t,e,/,p,a,g,e,s,/,s,a,m,p,l,e,.,a,s,p,?,T,y,p,e,=,9,5,-,R,a,d,i,o,l,o,g,y,&,S,a,m,p,l,e,=,5,0,4,-,C,T, ,B,r,a,i,n, ,-, ,C,a,l,c,i,f,i,c,a,t,i,o,n, ,o,f, ,B,a,s,a,l, ,G,a,n,g,l,i,a
h,t,t,p,s,:,/,/,w,w,w,.,m,t,s,a,m,p,l,e,s,.,c,o,m,/,s,i,t,e,/,p,a,g,e,s,/,s,a,m,p,l,e,.,a,s,p,?,T,y,p,e,=,9,5,-,R,a,d,i,o,l,o,g,y,&,S,a,m,p,l,e,=,4,9,2,-,C,T, ,B,r,a,i,n, ,-, ,H,e,m,a,n,g,i,o,m,a
h,t,t,p,s,:,/,/,w,w,w,.,m,t,s,a,m,p,l,e,s,.,c,o,m,/,s,i,t,e,/,p,a,g,e,s,/,s,a,m,p,l,e,.,a,s,p,?,T,y,p,e,=,9,5,-,R,a,d,i,o,l,o,g,y,&,S,a,m,p,l,e,=,4,9,5,-,C,T, ,B,r,a,i,n, ,-, ,S,A,H
h,t,t,p,s,:,/,/,w,w,w,.,m,t,s,a,m,p,l,e,s,.,c,o,m,/,s,i,t,e,/,p,a,g,e,s,/,s,a,m,p,l,e,.,a,s,p,?,T,y,p,e,=,9,5,-,R,a,d,i,o,l,o,g,y,&,S,a,m,p,l,e,=,4,5,8,-,C,T, ,B,r,a,i,n, ,-, ,S,t,r,o,k,e, 
h,t,t,p,s,:,/,/,w,w,w,.,m,t,s,a,m,p,l,e,s,.,c,o,m,/,s,i,t,e,/,p,a,g,e,s,/,s,a,m,p,l,e,.,a,s,p,?,T,y,p,e,=,9,5,-,R,a,d,i,o,l,o,g,y,&,S,a,m,p,l,e,=,4,8,8,-,C,T, ,B,r,a,i,n,:, ,S,u,b,d,u,r,a,l, ,h,e,m,a,t,o,m,a
h,t,t,p,s,:,/,/,w,w,w,.,m,t,s,a,m,p,l,e,s,.,c,o,m,/,s,i,t,e,/,p,a,g,e,s,/,s,a,m,p,l,e,.,a,s,p,?,T,y,p,e,=,9,5,-,R,a,d,i,o,l,o,g,y,&,S,a,m,p,l,e,=,4,6,9,-,C,T, ,B,r,a,i,n,:, ,S,u,b,d,u,r,a,l, ,H,e,m,o,r,r,h,a,g,e,.
h,t,t,p,s,:,/,/,w,w,w,.,m,t,s,a,m,p,l,e,s,.,c,o,m,/,s,i,t,e,/,p,a,g,e,s,/,s,a,m,p,l,e,.,a,s,p,?,T,y,p,e,=,9,5,-,R,a,d,i,o,l,o,g,y,&,S,a,m,p,l,e,=,1,3,8,4,-,C,T, ,C,h,e,s,t
h,t,t,p,s,:,/,/,w,w,w,.,m,t,s,a,m,p,l,e,s,.,c,o,m,/,s,i,t,e,/,p,a,g,e,s,/,s,a,m,p,l,e,.,a,s,p,?,T,y,p,e,=,9,5,-,R,a,d,i,o,l,o,g,y,&,S,a,m,p,l,e,=,1,5,1,6,-,C,T, ,C,h,e,s,t, ,-, ,1
h,t,t,p,s,:,/,/,w,w,w,.,m,t,s,a,m,p,l,e,s,.,c,o,m,/,s,i,t,e,/,p,a,g,e,s,/,s,a,m,p,l,e,.,a,s,p,?,T,y,p,e,=,9,5,-,R,a,d,i,o,l,o,g,y,&,S,a,m,p,l,e,=,1,6,6,9,-,C,T, ,C,h,e,s,t, ,-, ,2
h,t,t,p,s,:,/,/,w,w,w,.,m,t,s,a,m,p,l,e,s,.,c,o,m,/,s,i,t,e,/,p,a,g,e,s,/,s,a,m,p,l,e,.,a,s,p,?,T,y,p,e,=,9,5,-,R,a,d,i,o,l,o,g,y,&,S,a,m,p,l,e,=,1,3,8,2,-,C,T, ,C,-,S,p,i,n,e
h,t,t,p,s,:,/,/,w,w,w,.,m,t,s,a,m,p,l,e,s,.,c,o,m,/,s,i,t,e,/,p,a,g,e,s,/,s,a,m,p,l,e,.,a,s,p,?,T,y,p,e,=,9,5,-,R,a,d,i,o,l,o,g,y,&,S,a,m,p,l,e,=,1,5,2,2,-,C,T, ,C,-,S,p,i,n,e, ,-, ,1, 
h,t,t,p,s,:,/,/,w,w,w,.,m,t,s,a,m,p,l,e,s,.,c,o,m,/,s,i,t,e,/,p,a,g,e,s,/,s,a,m,p,l,e,.,a,s,p,?,T,y,p,e,=,9,5,-,R,a,d,i,o,l,o,g,y,&,S,a,m,p,l,e,=,1,8,5,4,-,C,T, ,C,-,S,p,i,n,e, ,-, ,2
h,t,t,p,s,:,/,/,w,w,w,.,m,t,s,a,m,p,l,e,s,.,c,o,m,/,s,i,t,e,/,p,a,g,e,s,/,s,a,m,p,l,e,.,a,s,p,?,T,y,p,e,=,9,5,-,R,a,d,i,o,l,o,g,y,&,S,a,m,p,l,e,=,1,3,8,1,-,C,T, ,F,a,c,i,a,l
h,t,t,p,s,:,/,/,w,w,w,.,m,t,s,a,m,p,l,e,s,.,c,o,m,/,s,i,t,e,/,p,a,g,e,s,/,s,a,m,p,l,e,.,a,s,p,?,T,y,p,e,=,9,5,-,R,a,d,i,o,l,o,g,y,&,S,a,m,p,l,e,=,1,3,8,0,-,C,T, ,H,e,a,d
h,t,t,p,s,:,/,/,w,w,w,.,m,t,s,a,m,p,l,e,s,.,c,o,m,/,s,i,t,e,/,p,a,g,e,s,/,s,a,m,p,l,e,.,a,s,p,?,T,y,p,e,=,9,5,-,R,a,d,i,o,l,o,g,y,&,S,a,m,p,l,e,=,1,5,1,9,-,C,T, ,H,e,a,d, ,-, ,1
h,t,t,p,s,:,/,/,w,w,w,.,m,t,s,a,m,p,l,e,s,.,c,o,m,/,s,i,t,e,/,p,a,g,e,s,/,s,a,m,p,l,e,.,a,s,p,?,T,y,p,e,=,9,5,-,R,a,d,i,o,l,o,g,y,&,S,a,m,p,l,e,=,1,6,9,6,-,C,T, ,H,e,a,d, ,-, ,2
h,t,t,p,s,:,/,/,w,w,w,.,m,t,s,a,m,p,l,e,s,.,c,o,m,/,s,i,t,e,/,p,a,g,e,s,/,s,a,m,p,l,e,.,a,s,p,?,T,y,p,e,=,9,5,-,R,a,d,i,o,l,o,g,y,&,S,a,m,p,l,e,=,1,7,7,5,-,C,T, ,H,e,a,d, ,-, ,3
h,t,t,p,s,:,/,/,w,w,w,.,m,t,s,a,m,p,l,e,s,.,c,o,m,/,s,i,t,e,/,p,a,g,e,s,/,s,a,m,p,l,e,.,a,s,p,?,T,y,p,e,=,9,5,-,R,a,d,i,o,l,o,g,y,&,S,a,m,p,l,e,=,1,8,5,8,-,C,T, ,H,e,a,d, ,-, ,4
h,t,t,p,s,:,/,/,w,w,w,.,m,t,s,a,m,p,l,e,s,.,c,o,m,/,s,i,t,e,/,p,a,g,e,s,/,s,a,m,p,l,e,.,a,s,p,?,T,y,p,e,=,9,5,-,R,a,d,i,o,l,o,g,y,&,S,a,m,p,l,e,=,1,7,7,2,-,C,T, ,H,e,a,d, ,a,n,d, ,C, ,S,p,i,n,e
h,t,t,p,s,:,/,/,w,w,w,.,m,t,s,a,m,p,l,e,s,.,c,o,m,/,s,i,t,e,/,p,a,g,e,s,/,s,a,m,p,l,e,.,a,s,p,?,T,y,p,e,=,9,5,-,R,a,d,i,o,l,o,g,y,&,S,a,m,p,l,e,=,1,3,9,5,-,C,T, ,H,e,a,d,",", ,F,a,c,i,a,l, ,B,o,n,e,s,",", ,C,e,r,v,i,c,a,l, ,S,p,i,n,e
h,t,t,p,s,:,/,/,w,w,w,.,m,t,s,a,m,p,l,e,s,.,c,o,m,/,s,i,t,e,/,p,a,g,e,s,/,s,a,m,p,l,e,.,a,s,p,?,T,y,p,e,=,9,5,-,R,a,d,i,o,l,o,g,y,&,S,a,m,p,l,e,=,1,7,7,0,-,C,T, ,H,e,a,d,",", ,F,a,c,i,a,l, ,B,o,n,e,s,",", ,C,e,r,v,i,c,a,l, ,S,p,i,n,e, ,-, ,1
h,t,t,p,s,:,/,/,w,w,w,.,m,t,s,a,m,p,l,e,s,.,c,o,m,/,s,i,t,e,/,p,a,g,e,s,/,s,a,m,p,l,e,.,a,s,p,?,T,y,p,e,=,9,5,-,R,a,d,i,o,l,o,g,y,&,S,a,m,p,l,e,=,1,5,2,0,-,C,T, ,K,U,B
h,t,t,p,s,:,/,/,w,w,w,.,m,t,s,a,m,p,l,e,s,.,c,o,m,/,s,i,t,e,/,p,a,g,e,s,/,s,a,m,p,l,e,.,a,s,p,?,T,y,p,e,=,9,5,-,R,a,d,i,o,l,o,g,y,&,S,a,m,p,l,e,=,2,6,2,5,-,C,T, ,L,u,m,b,a,r, ,S,p,i,n,e
h,t,t,p,s,:,/,/,w,w,w,.,m,t,s,a,m,p,l,e,s,.,c,o,m,/,s,i,t,e,/,p,a,g,e,s,/,s,a,m,p,l,e,.,a,s,p,?,T,y,p,e,=,9,5,-,R,a,d,i,o,l,o,g,y,&,S,a,m,p,l,e,=,8,1,1,-,C,T, ,L,u,m,b,a,r, ,S,p,i,n,e, ,-, ,1
h,t,t,p,s,:,/,/,w,w,w,.,m,t,s,a,m,p,l,e,s,.,c,o,m,/,s,i,t,e,/,p,a,g,e,s,/,s,a,m,p,l,e,.,a,s,p,?,T,y,p,e,=,9,5,-,R,a,d,i,o,l,o,g,y,&,S,a,m,p,l,e,=,8,1,2,-,C,T, ,L,u,m,b,a,r, ,S,p,i,n,e, ,-, ,2
h,t,t,p,s,:,/,/,w,w,w,.,m,t,s,a,m,p,l,e,s,.,c,o,m,/,s,i,t,e,/,p,a,g,e,s,/,s,a,m,p,l,e,.,a,s,p,?,T,y,p,e,=,9,5,-,R,a,d,i,o,l,o,g,y,&,S,a,m,p,l,e,=,1,8,5,3,-,C,T, ,M,a,x,i,l,l,o,f,a,c,i,a,l
h,t,t,p,s,:,/,/,w,w,w,.,m,t,s,a,m,p,l,e,s,.,c,o,m,/,s,i,t,e,/,p,a,g,e,s,/,s,a,m,p,l,e,.,a,s,p,?,T,y,p,e,=,9,5,-,R,a,d,i,o,l,o,g,y,&,S,a,m,p,l,e,=,1,3,8,3,-,C,T, ,N,e,c,k
h,t,t,p,s,:,/,/,w,w,w,.,m,t,s,a,m,p,l,e,s,.,c,o,m,/,s,i,t,e,/,p,a,g,e,s,/,s,a,m,p,l,e,.,a,s,p,?,T,y,p,e,=,9,5,-,R,a,d,i,o,l,o,g,y,&,S,a,m,p,l,e,=,8,1,3,-,C,T, ,N,e,c,k, ,-, ,1
h,t,t,p,s,:,/,/,w,w,w,.,m,t,s,a,m,p,l,e,s,.,c,o,m,/,s,i,t,e,/,p,a,g,e,s,/,s,a,m,p,l,e,.,a,s,p,?,T,y,p,e,=,9,5,-,R,a,d,i,o,l,o,g,y,&,S,a,m,p,l,e,=,8,1,4,-,C,T, ,N,e,c,k, ,-, ,2
h,t,t,p,s,:,/,/,w,w,w,.,m,t,s,a,m,p,l,e,s,.,c,o,m,/,s,i,t,e,/,p,a,g,e,s,/,s,a,m,p,l,e,.,a,s,p,?,T,y,p,e,=,9,5,-,R,a,d,i,o,l,o,g,y,&,S,a,m,p,l,e,=,2,5,3,-,C,T, ,o,f, ,C,h,e,s,t, ,w,i,t,h, ,C,o,n,t,r,a,s,t
h,t,t,p,s,:,/,/,w,w,w,.,m,t,s,a,m,p,l,e,s,.,c,o,m,/,s,i,t,e,/,p,a,g,e,s,/,s,a,m,p,l,e,.,a,s,p,?,T,y,p,e,=,9,5,-,R,a,d,i,o,l,o,g,y,&,S,a,m,p,l,e,=,2,4,4,-,C,T, ,o,f, ,F,a,c,i,a,l, ,W,o,n,e,s, ,w,/,o, ,C,o,n,t,r,a,s,t
h,t,t,p,s,:,/,/,w,w,w,.,m,t,s,a,m,p,l,e,s,.,c,o,m,/,s,i,t,e,/,p,a,g,e,s,/,s,a,m,p,l,e,.,a,s,p,?,T,y,p,e,=,9,5,-,R,a,d,i,o,l,o,g,y,&,S,a,m,p,l,e,=,2,5,4,-,C,T, ,o,f, ,L,u,m,b,a,r, ,S,p,i,n,e, ,w,/,o, ,C,o,n,t,r,a,s,t
h,t,t,p,s,:,/,/,w,w,w,.,m,t,s,a,m,p,l,e,s,.,c,o,m,/,s,i,t,e,/,p,a,g,e,s,/,s,a,m,p,l,e,.,a,s,p,?,T,y,p,e,=,9,5,-,R,a,d,i,o,l,o,g,y,&,S,a,m,p,l,e,=,2,4,3,-,C,T, ,S,c,a,n, ,o,f, , ,B,r,a,i,n, ,w,/,o, ,C,o,n,t,r,a,s,t
h,t,t,p,s,:,/,/,w,w,w,.,m,t,s,a,m,p,l,e,s,.,c,o,m,/,s,i,t,e,/,p,a,g,e,s,/,s,a,m,p,l,e,.,a,s,p,?,T,y,p,e,=,9,5,-,R,a,d,i,o,l,o,g,y,&,S,a,m,p,l,e,=,2,4,2,-,C,T, ,S,c,a,n, ,o,f, ,A,b,d,o,m,e,n, ,&, ,P,e,l,v,i,s, ,w,i,t,h, ,C,o,n,t,r,a,s,t
h,t,t,p,s,:,/,/,w,w,w,.,m,t,s,a,m,p,l,e,s,.,c,o,m,/,s,i,t,e,/,p,a,g,e,s,/,s,a,m,p,l,e,.,a,s,p,?,T,y,p,e,=,9,5,-,R,a,d,i,o,l,o,g,y,&,S,a,m,p,l,e,=,4,6,0,-,C,T, ,S,c,a,n, ,o,f, ,B,r,a,i,n, ,w,i,t,h, ,C,o,n,t,r,a,s,t, 
h,t,t,p,s,:,/,/,w,w,w,.,m,t,s,a,m,p,l,e,s,.,c,o,m,/,s,i,t,e,/,p,a,g,e,s,/,s,a,m,p,l,e,.,a,s,p,?,T,y,p,e,=,9,5,-,R,a,d,i,o,l,o,g,y,&,S,a,m,p,l,e,=,1,5,2,3,-,C,T, ,S,t,o,n,e, ,P,r,o,t,o,c,o,l
h,t,t,p,s,:,/,/,w,w,w,.,m,t,s,a,m,p,l,e,s,.,c,o,m,/,s,i,t,e,/,p,a,g,e,s,/,s,a,m,p,l,e,.,a,s,p,?,T,y,p,e,=,9,5,-,R,a,d,i,o,l,o,g,y,&,S,a,m,p,l,e,=,1,3,8,8,-,C,T,-,G,u,i,d,e,d, ,B,i,o,p,s,y, ,-, ,K,i,d,n,e,y
h,t,t,p,s,:,/,/,w,w,w,.,m,t,s,a,m,p,l,e,s,.,c,o,m,/,s,i,t,e,/,p,a,g,e,s,/,s,a,m,p,l,e,.,a,s,p,?,T,y,p,e,=,9,5,-,R,a,d,i,o,l,o,g,y,&,S,a,m,p,l,e,=,2,4,6,-,C,T,-,G,u,i,d,e,d, ,N,e,e,d,l,e, ,P,l,a,c,e,m,e,n,t, ,B,i,o,p,s,y
h,t,t,p,s,:,/,/,w,w,w,.,m,t,s,a,m,p,l,e,s,.,c,o,m,/,s,i,t,e,/,p,a,g,e,s,/,s,a,m,p,l,e,.,a,s,p,?,T,y,p,e,=,9,5,-,R,a,d,i,o,l,o,g,y,&,S,a,m,p,l,e,=,5,0,3,-,D,a,n,d,y,-,W,a,l,k,e,r, ,M,a,l,f,o,r,m,a,t,i,o,n
h,t,t,p,s,:,/,/,w,w,w,.,m,t,s,a,m,p,l,e,s,.,c,o,m,/,s,i,t,e,/,p,a,g,e,s,/,s,a,m,p,l,e,.,a,s,p,?,T,y,p,e,=,9,5,-,R,a,d,i,o,l,o,g,y,&,S,a,m,p,l,e,=,1,0,2,2,-,D,e,g,l,u,t,i,t,i,o,n, ,S,t,u,d,y, ,-, ,M,o,d,i,f,i,e,d, ,B,a,r,i,u,m, ,s,w,a,l,l,o,w
h,t,t,p,s,:,/,/,w,w,w,.,m,t,s,a,m,p,l,e,s,.,c,o,m,/,s,i,t,e,/,p,a,g,e,s,/,s,a,m,p,l,e,.,a,s,p,?,T,y,p,e,=,9,5,-,R,a,d,i,o,l,o,g,y,&,S,a,m,p,l,e,=,1,0,2,8,-,D,i,a,g,n,o,s,t,i,c, ,C,e,r,e,b,r,a,l, ,A,n,g,i,o,g,r,a,m
h,t,t,p,s,:,/,/,w,w,w,.,m,t,s,a,m,p,l,e,s,.,c,o,m,/,s,i,t,e,/,p,a,g,e,s,/,s,a,m,p,l,e,.,a,s,p,?,T,y,p,e,=,9,5,-,R,a,d,i,o,l,o,g,y,&,S,a,m,p,l,e,=,1,0,2,4,-,D,i,a,g,n,o,s,t,i,c, ,M,a,m,m,o,g,r,a,m, 
h,t,t,p,s,:,/,/,w,w,w,.,m,t,s,a,m,p,l,e,s,.,c,o,m,/,s,i,t,e,/,p,a,g,e,s,/,s,a,m,p,l,e,.,a,s,p,?,T,y,p,e,=,9,5,-,R,a,d,i,o,l,o,g,y,&,S,a,m,p,l,e,=,1,6,1,1,-,D,o,b,u,t,a,m,i,n,e, ,S,t,r,e,s,s, ,T,e,s,t
h,t,t,p,s,:,/,/,w,w,w,.,m,t,s,a,m,p,l,e,s,.,c,o,m,/,s,i,t,e,/,p,a,g,e,s,/,s,a,m,p,l,e,.,a,s,p,?,T,y,p,e,=,9,5,-,R,a,d,i,o,l,o,g,y,&,S,a,m,p,l,e,=,1,7,8,9,-,D,o,b,u,t,a,m,i,n,e, ,S,t,r,e,s,s, ,T,e,s,t, ,-, ,1
h,t,t,p,s,:,/,/,w,w,w,.,m,t,s,a,m,p,l,e,s,.,c,o,m,/,s,i,t,e,/,p,a,g,e,s,/,s,a,m,p,l,e,.,a,s,p,?,T,y,p,e,=,9,5,-,R,a,d,i,o,l,o,g,y,&,S,a,m,p,l,e,=,3,0,2,-,D,u,p,l,e,x, ,U,l,t,r,a,s,o,u,n,d, ,-, ,L,e,g,s
h,t,t,p,s,:,/,/,w,w,w,.,m,t,s,a,m,p,l,e,s,.,c,o,m,/,s,i,t,e,/,p,a,g,e,s,/,s,a,m,p,l,e,.,a,s,p,?,T,y,p,e,=,9,5,-,R,a,d,i,o,l,o,g,y,&,S,a,m,p,l,e,=,1,1,7,6,-,E,c,h,o,c,a,r,d,i,o,g,r,a,m
h,t,t,p,s,:,/,/,w,w,w,.,m,t,s,a,m,p,l,e,s,.,c,o,m,/,s,i,t,e,/,p,a,g,e,s,/,s,a,m,p,l,e,.,a,s,p,?,T,y,p,e,=,9,5,-,R,a,d,i,o,l,o,g,y,&,S,a,m,p,l,e,=,1,4,1,8,-,E,c,h,o,c,a,r,d,i,o,g,r,a,m, ,-, ,1
h,t,t,p,s,:,/,/,w,w,w,.,m,t,s,a,m,p,l,e,s,.,c,o,m,/,s,i,t,e,/,p,a,g,e,s,/,s,a,m,p,l,e,.,a,s,p,?,T,y,p,e,=,9,5,-,R,a,d,i,o,l,o,g,y,&,S,a,m,p,l,e,=,1,6,1,0,-,E,c,h,o,c,a,r,d,i,o,g,r,a,m, ,-, ,2
h,t,t,p,s,:,/,/,w,w,w,.,m,t,s,a,m,p,l,e,s,.,c,o,m,/,s,i,t,e,/,p,a,g,e,s,/,s,a,m,p,l,e,.,a,s,p,?,T,y,p,e,=,9,5,-,R,a,d,i,o,l,o,g,y,&,S,a,m,p,l,e,=,1,7,8,1,-,E,c,h,o,c,a,r,d,i,o,g,r,a,m, ,-, ,3
h,t,t,p,s,:,/,/,w,w,w,.,m,t,s,a,m,p,l,e,s,.,c,o,m,/,s,i,t,e,/,p,a,g,e,s,/,s,a,m,p,l,e,.,a,s,p,?,T,y,p,e,=,9,5,-,R,a,d,i,o,l,o,g,y,&,S,a,m,p,l,e,=,1,7,8,2,-,E,c,h,o,c,a,r,d,i,o,g,r,a,p,h,y
h,t,t,p,s,:,/,/,w,w,w,.,m,t,s,a,m,p,l,e,s,.,c,o,m,/,s,i,t,e,/,p,a,g,e,s,/,s,a,m,p,l,e,.,a,s,p,?,T,y,p,e,=,9,5,-,R,a,d,i,o,l,o,g,y,&,S,a,m,p,l,e,=,2,2,1,3,-,E,E,G
h,t,t,p,s,:,/,/,w,w,w,.,m,t,s,a,m,p,l,e,s,.,c,o,m,/,s,i,t,e,/,p,a,g,e,s,/,s,a,m,p,l,e,.,a,s,p,?,T,y,p,e,=,9,5,-,R,a,d,i,o,l,o,g,y,&,S,a,m,p,l,e,=,1,1,6,7,-,E,E,G, ,M,o,n,i,t,o,r,i,n,g, ,S,t,u,d,y
h,t,t,p,s,:,/,/,w,w,w,.,m,t,s,a,m,p,l,e,s,.,c,o,m,/,s,i,t,e,/,p,a,g,e,s,/,s,a,m,p,l,e,.,a,s,p,?,T,y,p,e,=,9,5,-,R,a,d,i,o,l,o,g,y,&,S,a,m,p,l,e,=,1,1,6,4,-,E,l,e,c,t,r,o,n,y,s,t,a,g,m,o,g,r,a,m
h,t,t,p,s,:,/,/,w,w,w,.,m,t,s,a,m,p,l,e,s,.,c,o,m,/,s,i,t,e,/,p,a,g,e,s,/,s,a,m,p,l,e,.,a,s,p,?,T,y,p,e,=,9,5,-,R,a,d,i,o,l,o,g,y,&,S,a,m,p,l,e,=,1,6,8,2,-,E,M,G,/,N,e,r,v,e, ,C,o,n,d,u,c,t,i,o,n, ,S,t,u,d,y
h,t,t,p,s,:,/,/,w,w,w,.,m,t,s,a,m,p,l,e,s,.,c,o,m,/,s,i,t,e,/,p,a,g,e,s,/,s,a,m,p,l,e,.,a,s,p,?,T,y,p,e,=,9,5,-,R,a,d,i,o,l,o,g,y,&,S,a,m,p,l,e,=,1,1,2,4,-,E,M,G,/,N,e,r,v,e, ,C,o,n,d,u,c,t,i,o,n, ,S,t,u,d,y, ,-, ,1
h,t,t,p,s,:,/,/,w,w,w,.,m,t,s,a,m,p,l,e,s,.,c,o,m,/,s,i,t,e,/,p,a,g,e,s,/,s,a,m,p,l,e,.,a,s,p,?,T,y,p,e,=,9,5,-,R,a,d,i,o,l,o,g,y,&,S,a,m,p,l,e,=,1,1,2,5,-,E,M,G,/,N,e,r,v,e, ,C,o,n,d,u,c,t,i,o,n, ,S,t,u,d,y, ,-, ,2
h,t,t,p,s,:,/,/,w,w,w,.,m,t,s,a,m,p,l,e,s,.,c,o,m,/,s,i,t,e,/,p,a,g,e,s,/,s,a,m,p,l,e,.,a,s,p,?,T,y,p,e,=,9,5,-,R,a,d,i,o,l,o,g,y,&,S,a,m,p,l,e,=,1,1,2,6,-,E,M,G,/,N,e,r,v,e, ,C,o,n,d,u,c,t,i,o,n, ,S,t,u,d,y, ,-, ,3
h,t,t,p,s,:,/,/,w,w,w,.,m,t,s,a,m,p,l,e,s,.,c,o,m,/,s,i,t,e,/,p,a,g,e,s,/,s,a,m,p,l,e,.,a,s,p,?,T,y,p,e,=,9,5,-,R,a,d,i,o,l,o,g,y,&,S,a,m,p,l,e,=,1,1,2,7,-,E,M,G,/,N,e,r,v,e, ,C,o,n,d,u,c,t,i,o,n, ,S,t,u,d,y, ,-, ,4
h,t,t,p,s,:,/,/,w,w,w,.,m,t,s,a,m,p,l,e,s,.,c,o,m,/,s,i,t,e,/,p,a,g,e,s,/,s,a,m,p,l,e,.,a,s,p,?,T,y,p,e,=,9,5,-,R,a,d,i,o,l,o,g,y,&,S,a,m,p,l,e,=,1,1,7,2,-,E,M,G,/,N,e,r,v,e, ,C,o,n,d,u,c,t,i,o,n, ,S,t,u,d,y, ,-, ,5
h,t,t,p,s,:,/,/,w,w,w,.,m,t,s,a,m,p,l,e,s,.,c,o,m,/,s,i,t,e,/,p,a,g,e,s,/,s,a,m,p,l,e,.,a,s,p,?,T,y,p,e,=,9,5,-,R,a,d,i,o,l,o,g,y,&,S,a,m,p,l,e,=,1,1,7,3,-,E,M,G,/,N,e,r,v,e, ,C,o,n,d,u,c,t,i,o,n, ,S,t,u,d,y, ,-, ,6
h,t,t,p,s,:,/,/,w,w,w,.,m,t,s,a,m,p,l,e,s,.,c,o,m,/,s,i,t,e,/,p,a,g,e,s,/,s,a,m,p,l,e,.,a,s,p,?,T,y,p,e,=,9,5,-,R,a,d,i,o,l,o,g,y,&,S,a,m,p,l,e,=,1,6,8,3,-,E,M,G,/,N,e,r,v,e, ,C,o,n,d,u,c,t,i,o,n, ,S,t,u,d,y, ,-, ,7
h,t,t,p,s,:,/,/,w,w,w,.,m,t,s,a,m,p,l,e,s,.,c,o,m,/,s,i,t,e,/,p,a,g,e,s,/,s,a,m,p,l,e,.,a,s,p,?,T,y,p,e,=,9,5,-,R,a,d,i,o,l,o,g,y,&,S,a,m,p,l,e,=,1,6,8,8,-,E,M,G,/,N,e,r,v,e, ,C,o,n,d,u,c,t,i,o,n, ,S,t,u,d,y, ,-, ,8
h,t,t,p,s,:,/,/,w,w,w,.,m,t,s,a,m,p,l,e,s,.,c,o,m,/,s,i,t,e,/,p,a,g,e,s,/,s,a,m,p,l,e,.,a,s,p,?,T,y,p,e,=,9,5,-,R,a,d,i,o,l,o,g,y,&,S,a,m,p,l,e,=,2,4,2,6,-,E,M,G,/,N,e,r,v,e, ,C,o,n,d,u,c,t,i,o,n, ,S,t,u,d,y, ,-, ,9
h,t,t,p,s,:,/,/,w,w,w,.,m,t,s,a,m,p,l,e,s,.,c,o,m,/,s,i,t,e,/,p,a,g,e,s,/,s,a,m,p,l,e,.,a,s,p,?,T,y,p,e,=,9,5,-,R,a,d,i,o,l,o,g,y,&,S,a,m,p,l,e,=,2,3,7,8,-,E,n,d,o,v,a,s,c,u,l,a,r, ,B,r,a,c,h,y,t,h,e,r,a,p,y
h,t,t,p,s,:,/,/,w,w,w,.,m,t,s,a,m,p,l,e,s,.,c,o,m,/,s,i,t,e,/,p,a,g,e,s,/,s,a,m,p,l,e,.,a,s,p,?,T,y,p,e,=,9,5,-,R,a,d,i,o,l,o,g,y,&,S,a,m,p,l,e,=,1,3,9,3,-,E,x,c,r,e,t,o,r,y, ,U,r,o,g,r,a,m, ,-, ,I,V,P, 
h,t,t,p,s,:,/,/,w,w,w,.,m,t,s,a,m,p,l,e,s,.,c,o,m,/,s,i,t,e,/,p,a,g,e,s,/,s,a,m,p,l,e,.,a,s,p,?,T,y,p,e,=,9,5,-,R,a,d,i,o,l,o,g,y,&,S,a,m,p,l,e,=,2,1,1,8,-,E,x,e,r,c,i,s,e, ,M,y,o,c,a,r,d,i,a,l, ,P,e,r,f,u,s,i,o,n, ,S,t,u,d,y
h,t,t,p,s,:,/,/,w,w,w,.,m,t,s,a,m,p,l,e,s,.,c,o,m,/,s,i,t,e,/,p,a,g,e,s,/,s,a,m,p,l,e,.,a,s,p,?,T,y,p,e,=,9,5,-,R,a,d,i,o,l,o,g,y,&,S,a,m,p,l,e,=,1,8,8,6,-,F,a,c,e,t, ,A,r,t,h,r,o,g,r,a,m, ,&, ,I,n,j,e,c,t,i,o,n
h,t,t,p,s,:,/,/,w,w,w,.,m,t,s,a,m,p,l,e,s,.,c,o,m,/,s,i,t,e,/,p,a,g,e,s,/,s,a,m,p,l,e,.,a,s,p,?,T,y,p,e,=,9,5,-,R,a,d,i,o,l,o,g,y,&,S,a,m,p,l,e,=,1,5,8,1,-,F,e,t,a,l, ,A,n,a,t,o,m,i,c,a,l, ,S,u,r,v,e,y
h,t,t,p,s,:,/,/,w,w,w,.,m,t,s,a,m,p,l,e,s,.,c,o,m,/,s,i,t,e,/,p,a,g,e,s,/,s,a,m,p,l,e,.,a,s,p,?,T,y,p,e,=,9,5,-,R,a,d,i,o,l,o,g,y,&,S,a,m,p,l,e,=,9,9,6,-,F,i,v,e, ,v,i,e,w,s, ,o,f, ,t,h,e, ,r,i,g,h,t, ,k,n,e,e,.
h,t,t,p,s,:,/,/,w,w,w,.,m,t,s,a,m,p,l,e,s,.,c,o,m,/,s,i,t,e,/,p,a,g,e,s,/,s,a,m,p,l,e,.,a,s,p,?,T,y,p,e,=,9,5,-,R,a,d,i,o,l,o,g,y,&,S,a,m,p,l,e,=,1,0,2,1,-,F,u,l,l,-,F,i,e,l,d, ,D,i,g,i,t,a,l, ,M,a,m,m,o,g,r,a,m, ,(,F,F,D,M,), ,-, ,1
h,t,t,p,s,:,/,/,w,w,w,.,m,t,s,a,m,p,l,e,s,.,c,o,m,/,s,i,t,e,/,p,a,g,e,s,/,s,a,m,p,l,e,.,a,s,p,?,T,y,p,e,=,9,5,-,R,a,d,i,o,l,o,g,y,&,S,a,m,p,l,e,=,1,0,2,5,-,F,u,l,l,-,F,i,e,l,d, ,D,i,g,i,t,a,l, ,M,a,m,m,o,g,r,a,m, ,(,F,F,D,M,), ,-, ,2
h,t,t,p,s,:,/,/,w,w,w,.,m,t,s,a,m,p,l,e,s,.,c,o,m,/,s,i,t,e,/,p,a,g,e,s,/,s,a,m,p,l,e,.,a,s,p,?,T,y,p,e,=,9,5,-,R,a,d,i,o,l,o,g,y,&,S,a,m,p,l,e,=,5,0,0,-,H,C,T, ,-, ,C,a,l,c,i,f,i,c,a,t,i,o,n, ,o,f, ,B,a,s,a,l, ,G,a,n,g,l,i,a
h,t,t,p,s,:,/,/,w,w,w,.,m,t,s,a,m,p,l,e,s,.,c,o,m,/,s,i,t,e,/,p,a,g,e,s,/,s,a,m,p,l,e,.,a,s,p,?,T,y,p,e,=,9,5,-,R,a,d,i,o,l,o,g,y,&,S,a,m,p,l,e,=,5,3,9,-,H,C,T, ,-, ,P,i,t,u,i,t,a,r,y, ,M,a,s,s
h,t,t,p,s,:,/,/,w,w,w,.,m,t,s,a,m,p,l,e,s,.,c,o,m,/,s,i,t,e,/,p,a,g,e,s,/,s,a,m,p,l,e,.,a,s,p,?,T,y,p,e,=,9,5,-,R,a,d,i,o,l,o,g,y,&,S,a,m,p,l,e,=,2,3,8,4,-,H,D,R, ,B,r,a,c,h,y,t,h,e,r,a,p,y
h,t,t,p,s,:,/,/,w,w,w,.,m,t,s,a,m,p,l,e,s,.,c,o,m,/,s,i,t,e,/,p,a,g,e,s,/,s,a,m,p,l,e,.,a,s,p,?,T,y,p,e,=,9,5,-,R,a,d,i,o,l,o,g,y,&,S,a,m,p,l,e,=,1,7,7,7,-,H,e,p,a,t,o,b,i,l,i,a,r,y, ,S,c,a,n
h,t,t,p,s,:,/,/,w,w,w,.,m,t,s,a,m,p,l,e,s,.,c,o,m,/,s,i,t,e,/,p,a,g,e,s,/,s,a,m,p,l,e,.,a,s,p,?,T,y,p,e,=,9,5,-,R,a,d,i,o,l,o,g,y,&,S,a,m,p,l,e,=,2,3,8,1,-,H,y,p,e,r,f,r,a,c,t,i,o,n,a,t,i,o,n
h,t,t,p,s,:,/,/,w,w,w,.,m,t,s,a,m,p,l,e,s,.,c,o,m,/,s,i,t,e,/,p,a,g,e,s,/,s,a,m,p,l,e,.,a,s,p,?,T,y,p,e,=,9,5,-,R,a,d,i,o,l,o,g,y,&,S,a,m,p,l,e,=,2,3,8,2,-,I,n,t,e,n,s,i,t,y,-,M,o,d,u,l,a,t,e,d, ,R,a,d,i,a,t,i,o,n, ,T,h,e,r,a,p,y
h,t,t,p,s,:,/,/,w,w,w,.,m,t,s,a,m,p,l,e,s,.,c,o,m,/,s,i,t,e,/,p,a,g,e,s,/,s,a,m,p,l,e,.,a,s,p,?,T,y,p,e,=,9,5,-,R,a,d,i,o,l,o,g,y,&,S,a,m,p,l,e,=,2,3,8,3,-,I,n,t,e,n,s,i,t,y,-,M,o,d,u,l,a,t,e,d, ,R,a,d,i,a,t,i,o,n, ,T,h,e,r,a,p,y, ,S,i,m,u,l,a,t,i,o,n
h,t,t,p,s,:,/,/,w,w,w,.,m,t,s,a,m,p,l,e,s,.,c,o,m,/,s,i,t,e,/,p,a,g,e,s,/,s,a,m,p,l,e,.,a,s,p,?,T,y,p,e,=,9,5,-,R,a,d,i,o,l,o,g,y,&,S,a,m,p,l,e,=,1,0,2,9,-,I,n,t,r,a,a,r,t,e,r,i,a,l, ,P,a,r,t,i,c,u,l,a,t,e, ,A,d,m,i,n,i,s,t,r,a,t,i,o,n
h,t,t,p,s,:,/,/,w,w,w,.,m,t,s,a,m,p,l,e,s,.,c,o,m,/,s,i,t,e,/,p,a,g,e,s,/,s,a,m,p,l,e,.,a,s,p,?,T,y,p,e,=,9,5,-,R,a,d,i,o,l,o,g,y,&,S,a,m,p,l,e,=,2,1,5,0,-,I,V, ,P,r,o,c,a,i,n,a,m,i,d,e, ,I,n,f,u,s,i,o,n
h,t,t,p,s,:,/,/,w,w,w,.,m,t,s,a,m,p,l,e,s,.,c,o,m,/,s,i,t,e,/,p,a,g,e,s,/,s,a,m,p,l,e,.,a,s,p,?,T,y,p,e,=,9,5,-,R,a,d,i,o,l,o,g,y,&,S,a,m,p,l,e,=,1,8,3,8,-,L,a,p,a,r,o,s,c,o,p,i,c, ,C,h,o,l,e,c,y,s,t,e,c,t,o,m,y, ,&, ,C,h,o,l,a,n,g,i,o,g,r,a,m
h,t,t,p,s,:,/,/,w,w,w,.,m,t,s,a,m,p,l,e,s,.,c,o,m,/,s,i,t,e,/,p,a,g,e,s,/,s,a,m,p,l,e,.,a,s,p,?,T,y,p,e,=,9,5,-,R,a,d,i,o,l,o,g,y,&,S,a,m,p,l,e,=,1,0,0,5,-,L,a,p,a,r,o,s,c,o,p,y, ,-, ,D,r,a,i,n,a,g,e, ,o,f, ,C,y,s,t
h,t,t,p,s,:,/,/,w,w,w,.,m,t,s,a,m,p,l,e,s,.,c,o,m,/,s,i,t,e,/,p,a,g,e,s,/,s,a,m,p,l,e,.,a,s,p,?,T,y,p,e,=,9,5,-,R,a,d,i,o,l,o,g,y,&,S,a,m,p,l,e,=,1,6,0,7,-,L,e,x,i,s,c,a,n, ,N,u,c,l,e,a,r, ,S,c,a,n
h,t,t,p,s,:,/,/,w,w,w,.,m,t,s,a,m,p,l,e,s,.,c,o,m,/,s,i,t,e,/,p,a,g,e,s,/,s,a,m,p,l,e,.,a,s,p,?,T,y,p,e,=,9,5,-,R,a,d,i,o,l,o,g,y,&,S,a,m,p,l,e,=,9,8,5,-,L,o,w,e,r, ,E,x,t,r,e,m,i,t,y, ,A,r,t,e,r,i,a,l, ,D,o,p,p,l,e,r
h,t,t,p,s,:,/,/,w,w,w,.,m,t,s,a,m,p,l,e,s,.,c,o,m,/,s,i,t,e,/,p,a,g,e,s,/,s,a,m,p,l,e,.,a,s,p,?,T,y,p,e,=,9,5,-,R,a,d,i,o,l,o,g,y,&,S,a,m,p,l,e,=,1,7,7,9,-,L,o,w,e,r, ,E,x,t,r,e,m,i,t,y, ,V,e,n,o,u,s, ,D,o,p,p,l,e,r
h,t,t,p,s,:,/,/,w,w,w,.,m,t,s,a,m,p,l,e,s,.,c,o,m,/,s,i,t,e,/,p,a,g,e,s,/,s,a,m,p,l,e,.,a,s,p,?,T,y,p,e,=,9,5,-,R,a,d,i,o,l,o,g,y,&,S,a,m,p,l,e,=,2,2,0,4,-,L,u,m,b,a,r, ,D,i,s,c,o,g,r,a,m
h,t,t,p,s,:,/,/,w,w,w,.,m,t,s,a,m,p,l,e,s,.,c,o,m,/,s,i,t,e,/,p,a,g,e,s,/,s,a,m,p,l,e,.,a,s,p,?,T,y,p,e,=,9,5,-,R,a,d,i,o,l,o,g,y,&,S,a,m,p,l,e,=,1,0,3,7,-,M,a,g,n,i,f,i,e,d, ,A,i,r,w,a,y, ,S,t,u,d,y
h,t,t,p,s,:,/,/,w,w,w,.,m,t,s,a,m,p,l,e,s,.,c,o,m,/,s,i,t,e,/,p,a,g,e,s,/,s,a,m,p,l,e,.,a,s,p,?,T,y,p,e,=,9,5,-,R,a,d,i,o,l,o,g,y,&,S,a,m,p,l,e,=,4,9,-,M,a,y,o,v,i,e,w
h,t,t,p,s,:,/,/,w,w,w,.,m,t,s,a,m,p,l,e,s,.,c,o,m,/,s,i,t,e,/,p,a,g,e,s,/,s,a,m,p,l,e,.,a,s,p,?,T,y,p,e,=,9,5,-,R,a,d,i,o,l,o,g,y,&,S,a,m,p,l,e,=,1,7,8,4,-,M,a,y,o,v,i,e,w, ,-, ,1
h,t,t,p,s,:,/,/,w,w,w,.,m,t,s,a,m,p,l,e,s,.,c,o,m,/,s,i,t,e,/,p,a,g,e,s,/,s,a,m,p,l,e,.,a,s,p,?,T,y,p,e,=,9,5,-,R,a,d,i,o,l,o,g,y,&,S,a,m,p,l,e,=,1,7,8,5,-,M,a,y,o,v,i,e,w, ,-, ,2
h,t,t,p,s,:,/,/,w,w,w,.,m,t,s,a,m,p,l,e,s,.,c,o,m,/,s,i,t,e,/,p,a,g,e,s,/,s,a,m,p,l,e,.,a,s,p,?,T,y,p,e,=,9,5,-,R,a,d,i,o,l,o,g,y,&,S,a,m,p,l,e,=,4,6,2,-,M,o,y,a,m,o,y,a, ,D,i,s,e,a,s,e
h,t,t,p,s,:,/,/,w,w,w,.,m,t,s,a,m,p,l,e,s,.,c,o,m,/,s,i,t,e,/,p,a,g,e,s,/,s,a,m,p,l,e,.,a,s,p,?,T,y,p,e,=,9,5,-,R,a,d,i,o,l,o,g,y,&,S,a,m,p,l,e,=,8,1,6,-,M,R,I, ,A,n,k,l,e, ,-, ,1
h,t,t,p,s,:,/,/,w,w,w,.,m,t,s,a,m,p,l,e,s,.,c,o,m,/,s,i,t,e,/,p,a,g,e,s,/,s,a,m,p,l,e,.,a,s,p,?,T,y,p,e,=,9,5,-,R,a,d,i,o,l,o,g,y,&,S,a,m,p,l,e,=,8,1,5,-,M,R,I, ,A,n,k,l,e, ,-, ,2
h,t,t,p,s,:,/,/,w,w,w,.,m,t,s,a,m,p,l,e,s,.,c,o,m,/,s,i,t,e,/,p,a,g,e,s,/,s,a,m,p,l,e,.,a,s,p,?,T,y,p,e,=,9,5,-,R,a,d,i,o,l,o,g,y,&,S,a,m,p,l,e,=,5,4,3,-,M,R,I, ,B,r,a,i,n, ,-, , ,M,e,n,i,n,g,i,o,m,a, ,(,O,l,f,a,c,t,o,r,y,)
h,t,t,p,s,:,/,/,w,w,w,.,m,t,s,a,m,p,l,e,s,.,c,o,m,/,s,i,t,e,/,p,a,g,e,s,/,s,a,m,p,l,e,.,a,s,p,?,T,y,p,e,=,9,5,-,R,a,d,i,o,l,o,g,y,&,S,a,m,p,l,e,=,4,5,9,-,M,R,I, ,B,r,a,i,n, ,-, ,B,i,l,a,t,e,r,a,l, ,T,h,a,l,a,m,i,c, ,S,t,r,o,k,e,s
h,t,t,p,s,:,/,/,w,w,w,.,m,t,s,a,m,p,l,e,s,.,c,o,m,/,s,i,t,e,/,p,a,g,e,s,/,s,a,m,p,l,e,.,a,s,p,?,T,y,p,e,=,9,5,-,R,a,d,i,o,l,o,g,y,&,S,a,m,p,l,e,=,5,6,2,-,M,R,I, ,B,r,a,i,n, ,-, ,C,O, ,p,o,i,s,o,n,i,n,g
h,t,t,p,s,:,/,/,w,w,w,.,m,t,s,a,m,p,l,e,s,.,c,o,m,/,s,i,t,e,/,p,a,g,e,s,/,s,a,m,p,l,e,.,a,s,p,?,T,y,p,e,=,9,5,-,R,a,d,i,o,l,o,g,y,&,S,a,m,p,l,e,=,5,2,2,-,M,R,I, ,B,r,a,i,n, ,-, ,C,r,y,p,t,o,c,o,c,c,u,s
h,t,t,p,s,:,/,/,w,w,w,.,m,t,s,a,m,p,l,e,s,.,c,o,m,/,s,i,t,e,/,p,a,g,e,s,/,s,a,m,p,l,e,.,a,s,p,?,T,y,p,e,=,9,5,-,R,a,d,i,o,l,o,g,y,&,S,a,m,p,l,e,=,5,2,0,-,M,R,I, ,B,r,a,i,n, ,-, ,L,e,u,k,o,e,n,c,e,p,h,a,l,o,p,a,t,h,y
h,t,t,p,s,:,/,/,w,w,w,.,m,t,s,a,m,p,l,e,s,.,c,o,m,/,s,i,t,e,/,p,a,g,e,s,/,s,a,m,p,l,e,.,a,s,p,?,T,y,p,e,=,9,5,-,R,a,d,i,o,l,o,g,y,&,S,a,m,p,l,e,=,8,2,2,-,M,R,I, ,B,r,a,i,n, ,-, ,L,y,m,e, ,D,i,s,e,a,s,e
h,t,t,p,s,:,/,/,w,w,w,.,m,t,s,a,m,p,l,e,s,.,c,o,m,/,s,i,t,e,/,p,a,g,e,s,/,s,a,m,p,l,e,.,a,s,p,?,T,y,p,e,=,9,5,-,R,a,d,i,o,l,o,g,y,&,S,a,m,p,l,e,=,8,2,1,-,M,R,I, ,B,r,a,i,n, ,-, ,M,e,m,o,r,y, ,L,o,s,s
h,t,t,p,s,:,/,/,w,w,w,.,m,t,s,a,m,p,l,e,s,.,c,o,m,/,s,i,t,e,/,p,a,g,e,s,/,s,a,m,p,l,e,.,a,s,p,?,T,y,p,e,=,9,5,-,R,a,d,i,o,l,o,g,y,&,S,a,m,p,l,e,=,5,4,7,-,M,R,I, ,B,r,a,i,n, ,-, ,P,i,l,o,c,y,t,i,c, ,A,s,t,r,o,c,y,t,o,m,a
h,t,t,p,s,:,/,/,w,w,w,.,m,t,s,a,m,p,l,e,s,.,c,o,m,/,s,i,t,e,/,p,a,g,e,s,/,s,a,m,p,l,e,.,a,s,p,?,T,y,p,e,=,9,5,-,R,a,d,i,o,l,o,g,y,&,S,a,m,p,l,e,=,4,5,7,-,M,R,I, ,B,r,a,i,n, ,-, ,P,o,n,t,i,n,e, ,S,t,r,o,k,e
h,t,t,p,s,:,/,/,w,w,w,.,m,t,s,a,m,p,l,e,s,.,c,o,m,/,s,i,t,e,/,p,a,g,e,s,/,s,a,m,p,l,e,.,a,s,p,?,T,y,p,e,=,9,5,-,R,a,d,i,o,l,o,g,y,&,S,a,m,p,l,e,=,5,6,7,-,M,R,I, ,B,r,a,i,n, ,-, ,P,r,o,g,r,e,s,s,i,v,e, ,A,p,h,a,s,i,a
h,t,t,p,s,:,/,/,w,w,w,.,m,t,s,a,m,p,l,e,s,.,c,o,m,/,s,i,t,e,/,p,a,g,e,s,/,s,a,m,p,l,e,.,a,s,p,?,T,y,p,e,=,9,5,-,R,a,d,i,o,l,o,g,y,&,S,a,m,p,l,e,=,4,6,4,-,M,R,I, ,B,r,a,i,n, ,-, ,S,L,E, ,&, ,S,t,r,o,k,e
h,t,t,p,s,:,/,/,w,w,w,.,m,t,s,a,m,p,l,e,s,.,c,o,m,/,s,i,t,e,/,p,a,g,e,s,/,s,a,m,p,l,e,.,a,s,p,?,T,y,p,e,=,9,5,-,R,a,d,i,o,l,o,g,y,&,S,a,m,p,l,e,=,4,6,7,-,M,R,I, ,B,r,a,i,n, ,-, ,T,h,r,o,m,b,u,s
h,t,t,p,s,:,/,/,w,w,w,.,m,t,s,a,m,p,l,e,s,.,c,o,m,/,s,i,t,e,/,p,a,g,e,s,/,s,a,m,p,l,e,.,a,s,p,?,T,y,p,e,=,9,5,-,R,a,d,i,o,l,o,g,y,&,S,a,m,p,l,e,=,5,1,7,-,M,R,I, ,B,r,a,i,n, ,-, ,T,o,x,o,p,l,a,s,m,o,s,i,s
h,t,t,p,s,:,/,/,w,w,w,.,m,t,s,a,m,p,l,e,s,.,c,o,m,/,s,i,t,e,/,p,a,g,e,s,/,s,a,m,p,l,e,.,a,s,p,?,T,y,p,e,=,9,5,-,R,a,d,i,o,l,o,g,y,&,S,a,m,p,l,e,=,4,6,6,-,M,R,I, ,B,r,a,i,n, ,-, ,W,e,r,n,i,c,k,e, ,a,p,h,a,s,i,a
h,t,t,p,s,:,/,/,w,w,w,.,m,t,s,a,m,p,l,e,s,.,c,o,m,/,s,i,t,e,/,p,a,g,e,s,/,s,a,m,p,l,e,.,a,s,p,?,T,y,p,e,=,9,5,-,R,a,d,i,o,l,o,g,y,&,S,a,m,p,l,e,=,4,6,3,-,M,R,I, ,B,r,a,i,n, ,&, ,C,e,r,e,b,r,a,l, ,A,n,g,i,o,g,r,a,m
h,t,t,p,s,:,/,/,w,w,w,.,m,t,s,a,m,p,l,e,s,.,c,o,m,/,s,i,t,e,/,p,a,g,e,s,/,s,a,m,p,l,e,.,a,s,p,?,T,y,p,e,=,9,5,-,R,a,d,i,o,l,o,g,y,&,S,a,m,p,l,e,=,5,1,1,-,M,R,I, ,B,r,a,i,n, ,&, ,T,-,s,p,i,n,e, ,-, ,D,e,m,y,e,l,i,n,a,t,i,n,g, ,d,i,s,e,a,s,e,.
h,t,t,p,s,:,/,/,w,w,w,.,m,t,s,a,m,p,l,e,s,.,c,o,m,/,s,i,t,e,/,p,a,g,e,s,/,s,a,m,p,l,e,.,a,s,p,?,T,y,p,e,=,9,5,-,R,a,d,i,o,l,o,g,y,&,S,a,m,p,l,e,=,5,6,1,-,M,R,I, ,B,r,a,i,n, ,a,n,d, ,B,r,a,i,n,s,t,e,m
h,t,t,p,s,:,/,/,w,w,w,.,m,t,s,a,m,p,l,e,s,.,c,o,m,/,s,i,t,e,/,p,a,g,e,s,/,s,a,m,p,l,e,.,a,s,p,?,T,y,p,e,=,9,5,-,R,a,d,i,o,l,o,g,y,&,S,a,m,p,l,e,=,5,5,2,-,M,R,I, ,B,r,a,i,n, ,a,n,d, ,C,-,T, ,S,p,i,n,e
h,t,t,p,s,:,/,/,w,w,w,.,m,t,s,a,m,p,l,e,s,.,c,o,m,/,s,i,t,e,/,p,a,g,e,s,/,s,a,m,p,l,e,.,a,s,p,?,T,y,p,e,=,9,5,-,R,a,d,i,o,l,o,g,y,&,S,a,m,p,l,e,=,4,5,6,-,M,R,I, ,B,r,a,i,n,:, ,T,h,a,l,a,m,i,c, ,I,n,f,a,r,c,t
h,t,t,p,s,:,/,/,w,w,w,.,m,t,s,a,m,p,l,e,s,.,c,o,m,/,s,i,t,e,/,p,a,g,e,s,/,s,a,m,p,l,e,.,a,s,p,?,T,y,p,e,=,9,5,-,R,a,d,i,o,l,o,g,y,&,S,a,m,p,l,e,=,8,2,3,-,M,R,I, ,B,r,e,a,s,t, ,-, ,1
h,t,t,p,s,:,/,/,w,w,w,.,m,t,s,a,m,p,l,e,s,.,c,o,m,/,s,i,t,e,/,p,a,g,e,s,/,s,a,m,p,l,e,.,a,s,p,?,T,y,p,e,=,9,5,-,R,a,d,i,o,l,o,g,y,&,S,a,m,p,l,e,=,5,2,7,-,M,R,I, ,C,3, ,-, ,C,o,r,d, ,C,o,m,p,r,e,s,s,i,o,n,.
h,t,t,p,s,:,/,/,w,w,w,.,m,t,s,a,m,p,l,e,s,.,c,o,m,/,s,i,t,e,/,p,a,g,e,s,/,s,a,m,p,l,e,.,a,s,p,?,T,y,p,e,=,9,5,-,R,a,d,i,o,l,o,g,y,&,S,a,m,p,l,e,=,8,5,5,-,M,R,I, ,C,e,r,v,i,c,a,l, ,S,p,i,n,e, ,-, ,1
h,t,t,p,s,:,/,/,w,w,w,.,m,t,s,a,m,p,l,e,s,.,c,o,m,/,s,i,t,e,/,p,a,g,e,s,/,s,a,m,p,l,e,.,a,s,p,?,T,y,p,e,=,9,5,-,R,a,d,i,o,l,o,g,y,&,S,a,m,p,l,e,=,8,5,4,-,M,R,I, ,C,e,r,v,i,c,a,l, ,S,p,i,n,e, ,-, ,2
h,t,t,p,s,:,/,/,w,w,w,.,m,t,s,a,m,p,l,e,s,.,c,o,m,/,s,i,t,e,/,p,a,g,e,s,/,s,a,m,p,l,e,.,a,s,p,?,T,y,p,e,=,9,5,-,R,a,d,i,o,l,o,g,y,&,S,a,m,p,l,e,=,8,2,6,-,M,R,I, ,C,e,r,v,i,c,a,l, ,S,p,i,n,e, ,-, ,C,h,i,r,o,p,r,a,c,t,i,c, ,S,p,e,c,i,f,i,c
h,t,t,p,s,:,/,/,w,w,w,.,m,t,s,a,m,p,l,e,s,.,c,o,m,/,s,i,t,e,/,p,a,g,e,s,/,s,a,m,p,l,e,.,a,s,p,?,T,y,p,e,=,9,5,-,R,a,d,i,o,l,o,g,y,&,S,a,m,p,l,e,=,5,1,0,-,M,R,I, ,C,-,s,p,i,n,e
h,t,t,p,s,:,/,/,w,w,w,.,m,t,s,a,m,p,l,e,s,.,c,o,m,/,s,i,t,e,/,p,a,g,e,s,/,s,a,m,p,l,e,.,a,s,p,?,T,y,p,e,=,9,5,-,R,a,d,i,o,l,o,g,y,&,S,a,m,p,l,e,=,5,3,0,-,M,R,I, ,C,-,S,p,i,n,e, ,-, ,C,5,-,6, ,D,i,s,k, ,H,e,r,n,i,a,t,i,o,n
h,t,t,p,s,:,/,/,w,w,w,.,m,t,s,a,m,p,l,e,s,.,c,o,m,/,s,i,t,e,/,p,a,g,e,s,/,s,a,m,p,l,e,.,a,s,p,?,T,y,p,e,=,9,5,-,R,a,d,i,o,l,o,g,y,&,S,a,m,p,l,e,=,8,2,8,-,M,R,I, ,E,l,b,o,w, ,-, ,1
h,t,t,p,s,:,/,/,w,w,w,.,m,t,s,a,m,p,l,e,s,.,c,o,m,/,s,i,t,e,/,p,a,g,e,s,/,s,a,m,p,l,e,.,a,s,p,?,T,y,p,e,=,9,5,-,R,a,d,i,o,l,o,g,y,&,S,a,m,p,l,e,=,8,2,9,-,M,R,I, ,E,l,b,o,w, ,-, ,2
h,t,t,p,s,:,/,/,w,w,w,.,m,t,s,a,m,p,l,e,s,.,c,o,m,/,s,i,t,e,/,p,a,g,e,s,/,s,a,m,p,l,e,.,a,s,p,?,T,y,p,e,=,9,5,-,R,a,d,i,o,l,o,g,y,&,S,a,m,p,l,e,=,8,0,0,-,M,R,I, ,F,o,o,t, ,-, ,1
h,t,t,p,s,:,/,/,w,w,w,.,m,t,s,a,m,p,l,e,s,.,c,o,m,/,s,i,t,e,/,p,a,g,e,s,/,s,a,m,p,l,e,.,a,s,p,?,T,y,p,e,=,9,5,-,R,a,d,i,o,l,o,g,y,&,S,a,m,p,l,e,=,8,0,1,-,M,R,I, ,F,o,o,t, ,-, ,2
h,t,t,p,s,:,/,/,w,w,w,.,m,t,s,a,m,p,l,e,s,.,c,o,m,/,s,i,t,e,/,p,a,g,e,s,/,s,a,m,p,l,e,.,a,s,p,?,T,y,p,e,=,9,5,-,R,a,d,i,o,l,o,g,y,&,S,a,m,p,l,e,=,8,0,3,-,M,R,I, ,F,o,o,t, ,-, ,3
h,t,t,p,s,:,/,/,w,w,w,.,m,t,s,a,m,p,l,e,s,.,c,o,m,/,s,i,t,e,/,p,a,g,e,s,/,s,a,m,p,l,e,.,a,s,p,?,T,y,p,e,=,9,5,-,R,a,d,i,o,l,o,g,y,&,S,a,m,p,l,e,=,1,3,8,6,-,M,R,I, ,H,e,a,d
h,t,t,p,s,:,/,/,w,w,w,.,m,t,s,a,m,p,l,e,s,.,c,o,m,/,s,i,t,e,/,p,a,g,e,s,/,s,a,m,p,l,e,.,a,s,p,?,T,y,p,e,=,9,5,-,R,a,d,i,o,l,o,g,y,&,S,a,m,p,l,e,=,1,3,9,4,-,M,R,I, ,H,e,a,d, ,-, ,1
h,t,t,p,s,:,/,/,w,w,w,.,m,t,s,a,m,p,l,e,s,.,c,o,m,/,s,i,t,e,/,p,a,g,e,s,/,s,a,m,p,l,e,.,a,s,p,?,T,y,p,e,=,9,5,-,R,a,d,i,o,l,o,g,y,&,S,a,m,p,l,e,=,8,0,4,-,M,R,I, ,K,n,e,e, ,-, ,1
h,t,t,p,s,:,/,/,w,w,w,.,m,t,s,a,m,p,l,e,s,.,c,o,m,/,s,i,t,e,/,p,a,g,e,s,/,s,a,m,p,l,e,.,a,s,p,?,T,y,p,e,=,9,5,-,R,a,d,i,o,l,o,g,y,&,S,a,m,p,l,e,=,8,0,5,-,M,R,I, ,K,n,e,e, ,-, ,2
h,t,t,p,s,:,/,/,w,w,w,.,m,t,s,a,m,p,l,e,s,.,c,o,m,/,s,i,t,e,/,p,a,g,e,s,/,s,a,m,p,l,e,.,a,s,p,?,T,y,p,e,=,9,5,-,R,a,d,i,o,l,o,g,y,&,S,a,m,p,l,e,=,8,5,8,-,M,R,I, ,K,n,e,e, ,-, ,3
h,t,t,p,s,:,/,/,w,w,w,.,m,t,s,a,m,p,l,e,s,.,c,o,m,/,s,i,t,e,/,p,a,g,e,s,/,s,a,m,p,l,e,.,a,s,p,?,T,y,p,e,=,9,5,-,R,a,d,i,o,l,o,g,y,&,S,a,m,p,l,e,=,8,5,7,-,M,R,I, ,K,n,e,e, ,-, ,4
h,t,t,p,s,:,/,/,w,w,w,.,m,t,s,a,m,p,l,e,s,.,c,o,m,/,s,i,t,e,/,p,a,g,e,s,/,s,a,m,p,l,e,.,a,s,p,?,T,y,p,e,=,9,5,-,R,a,d,i,o,l,o,g,y,&,S,a,m,p,l,e,=,8,5,3,-,M,R,I, ,K,n,e,e, ,-, ,5
h,t,t,p,s,:,/,/,w,w,w,.,m,t,s,a,m,p,l,e,s,.,c,o,m,/,s,i,t,e,/,p,a,g,e,s,/,s,a,m,p,l,e,.,a,s,p,?,T,y,p,e,=,9,5,-,R,a,d,i,o,l,o,g,y,&,S,a,m,p,l,e,=,5,0,8,-,M,R,I, ,L,-,S, ,S,p,i,n,e, ,-, ,C,a,u,d,a, ,E,q,u,i,n,a, ,S,y,n,d,r,o,m,e
h,t,t,p,s,:,/,/,w,w,w,.,m,t,s,a,m,p,l,e,s,.,c,o,m,/,s,i,t,e,/,p,a,g,e,s,/,s,a,m,p,l,e,.,a,s,p,?,T,y,p,e,=,9,5,-,R,a,d,i,o,l,o,g,y,&,S,a,m,p,l,e,=,5,4,4,-,M,R,I, ,L,-,S,p,i,n,e, ,-, ,S,u,b,a,r,a,c,h,n,o,i,d, ,S,e,e,d,i,n,g
h,t,t,p,s,:,/,/,w,w,w,.,m,t,s,a,m,p,l,e,s,.,c,o,m,/,s,i,t,e,/,p,a,g,e,s,/,s,a,m,p,l,e,.,a,s,p,?,T,y,p,e,=,9,5,-,R,a,d,i,o,l,o,g,y,&,S,a,m,p,l,e,=,2,5,6,-,M,R,I, ,o,f, ,B,r,a,i,n, ,w,/,o, ,C,o,n,t,r,a,s,t,.
h,t,t,p,s,:,/,/,w,w,w,.,m,t,s,a,m,p,l,e,s,.,c,o,m,/,s,i,t,e,/,p,a,g,e,s,/,s,a,m,p,l,e,.,a,s,p,?,T,y,p,e,=,9,5,-,R,a,d,i,o,l,o,g,y,&,S,a,m,p,l,e,=,2,5,7,-,M,R,I, ,o,f, ,L,u,m,b,a,r, ,S,p,i,n,e, ,w,/,o, ,C,o,n,t,r,a,s,t
h,t,t,p,s,:,/,/,w,w,w,.,m,t,s,a,m,p,l,e,s,.,c,o,m,/,s,i,t,e,/,p,a,g,e,s,/,s,a,m,p,l,e,.,a,s,p,?,T,y,p,e,=,9,5,-,R,a,d,i,o,l,o,g,y,&,S,a,m,p,l,e,=,5,4,1,-,M,R,I, ,o,f, ,L,u,n,g, ,-, ,A,d,e,n,o,c,a,r,c,i,n,o,m,a
h,t,t,p,s,:,/,/,w,w,w,.,m,t,s,a,m,p,l,e,s,.,c,o,m,/,s,i,t,e,/,p,a,g,e,s,/,s,a,m,p,l,e,.,a,s,p,?,T,y,p,e,=,9,5,-,R,a,d,i,o,l,o,g,y,&,S,a,m,p,l,e,=,1,0,3,4,-,M,R,I, ,O,r,b,i,t,/,F,a,c,e,/,N,e,c,k
h,t,t,p,s,:,/,/,w,w,w,.,m,t,s,a,m,p,l,e,s,.,c,o,m,/,s,i,t,e,/,p,a,g,e,s,/,s,a,m,p,l,e,.,a,s,p,?,T,y,p,e,=,9,5,-,R,a,d,i,o,l,o,g,y,&,S,a,m,p,l,e,=,7,9,4,-,M,R,I, ,S,h,o,u,l,d,e,r, ,-, ,1
h,t,t,p,s,:,/,/,w,w,w,.,m,t,s,a,m,p,l,e,s,.,c,o,m,/,s,i,t,e,/,p,a,g,e,s,/,s,a,m,p,l,e,.,a,s,p,?,T,y,p,e,=,9,5,-,R,a,d,i,o,l,o,g,y,&,S,a,m,p,l,e,=,7,9,5,-,M,R,I, ,S,h,o,u,l,d,e,r, ,-, ,2
h,t,t,p,s,:,/,/,w,w,w,.,m,t,s,a,m,p,l,e,s,.,c,o,m,/,s,i,t,e,/,p,a,g,e,s,/,s,a,m,p,l,e,.,a,s,p,?,T,y,p,e,=,9,5,-,R,a,d,i,o,l,o,g,y,&,S,a,m,p,l,e,=,7,9,7,-,M,R,I, ,S,h,o,u,l,d,e,r, ,-, ,3
h,t,t,p,s,:,/,/,w,w,w,.,m,t,s,a,m,p,l,e,s,.,c,o,m,/,s,i,t,e,/,p,a,g,e,s,/,s,a,m,p,l,e,.,a,s,p,?,T,y,p,e,=,9,5,-,R,a,d,i,o,l,o,g,y,&,S,a,m,p,l,e,=,7,9,9,-,M,R,I, ,S,h,o,u,l,d,e,r, ,-, ,4
h,t,t,p,s,:,/,/,w,w,w,.,m,t,s,a,m,p,l,e,s,.,c,o,m,/,s,i,t,e,/,p,a,g,e,s,/,s,a,m,p,l,e,.,a,s,p,?,T,y,p,e,=,9,5,-,R,a,d,i,o,l,o,g,y,&,S,a,m,p,l,e,=,8,0,7,-,M,R,I, ,S,h,o,u,l,d,e,r, ,-, ,5
h,t,t,p,s,:,/,/,w,w,w,.,m,t,s,a,m,p,l,e,s,.,c,o,m,/,s,i,t,e,/,p,a,g,e,s,/,s,a,m,p,l,e,.,a,s,p,?,T,y,p,e,=,9,5,-,R,a,d,i,o,l,o,g,y,&,S,a,m,p,l,e,=,1,1,8,9,-,M,R,I, ,S,p,i,n,e
h,t,t,p,s,:,/,/,w,w,w,.,m,t,s,a,m,p,l,e,s,.,c,o,m,/,s,i,t,e,/,p,a,g,e,s,/,s,a,m,p,l,e,.,a,s,p,?,T,y,p,e,=,9,5,-,R,a,d,i,o,l,o,g,y,&,S,a,m,p,l,e,=,5,0,6,-,M,R,I, ,S,p,i,n,e, ,-, ,E,p,i,d,u,r,a,l, ,L,i,p,o,m,a
h,t,t,p,s,:,/,/,w,w,w,.,m,t,s,a,m,p,l,e,s,.,c,o,m,/,s,i,t,e,/,p,a,g,e,s,/,s,a,m,p,l,e,.,a,s,p,?,T,y,p,e,=,9,5,-,R,a,d,i,o,l,o,g,y,&,S,a,m,p,l,e,=,5,2,6,-,M,R,I, ,T,-,L, ,S,p,i,n,e, ,-, ,S,c,h,i,s,t,o,s,o,m,i,a,s,i,s
h,t,t,p,s,:,/,/,w,w,w,.,m,t,s,a,m,p,l,e,s,.,c,o,m,/,s,i,t,e,/,p,a,g,e,s,/,s,a,m,p,l,e,.,a,s,p,?,T,y,p,e,=,9,5,-,R,a,d,i,o,l,o,g,y,&,S,a,m,p,l,e,=,5,0,7,-,M,R,I, ,T,-,S,p,i,n,e
h,t,t,p,s,:,/,/,w,w,w,.,m,t,s,a,m,p,l,e,s,.,c,o,m,/,s,i,t,e,/,p,a,g,e,s,/,s,a,m,p,l,e,.,a,s,p,?,T,y,p,e,=,9,5,-,R,a,d,i,o,l,o,g,y,&,S,a,m,p,l,e,=,1,3,8,7,-,M,R,I, ,T,-,S,p,i,n,e, ,-, ,1
h,t,t,p,s,:,/,/,w,w,w,.,m,t,s,a,m,p,l,e,s,.,c,o,m,/,s,i,t,e,/,p,a,g,e,s,/,s,a,m,p,l,e,.,a,s,p,?,T,y,p,e,=,9,5,-,R,a,d,i,o,l,o,g,y,&,S,a,m,p,l,e,=,5,5,5,-,M,R,I, ,T,-,S,p,i,n,e, ,-, ,S,p,i,n,a,l, ,M,e,t,s
h,t,t,p,s,:,/,/,w,w,w,.,m,t,s,a,m,p,l,e,s,.,c,o,m,/,s,i,t,e,/,p,a,g,e,s,/,s,a,m,p,l,e,.,a,s,p,?,T,y,p,e,=,9,5,-,R,a,d,i,o,l,o,g,y,&,S,a,m,p,l,e,=,8,3,9,-,M,R,I, ,W,r,i,s,t, ,-, ,1
h,t,t,p,s,:,/,/,w,w,w,.,m,t,s,a,m,p,l,e,s,.,c,o,m,/,s,i,t,e,/,p,a,g,e,s,/,s,a,m,p,l,e,.,a,s,p,?,T,y,p,e,=,9,5,-,R,a,d,i,o,l,o,g,y,&,S,a,m,p,l,e,=,1,0,2,6,-,M,u,l,t,i,p,l,e, ,I,m,a,g,e,s, ,o,f, ,S,k,u,l,l, ,(,P,e,d,i,a,t,r,i,c,)
h,t,t,p,s,:,/,/,w,w,w,.,m,t,s,a,m,p,l,e,s,.,c,o,m,/,s,i,t,e,/,p,a,g,e,s,/,s,a,m,p,l,e,.,a,s,p,?,T,y,p,e,=,9,5,-,R,a,d,i,o,l,o,g,y,&,S,a,m,p,l,e,=,2,3,9,-,M,y,o,c,a,r,d,i,a,l, ,P,e,r,f,u,s,i,o,n, ,I,m,a,g,i,n,g, ,-, ,1
h,t,t,p,s,:,/,/,w,w,w,.,m,t,s,a,m,p,l,e,s,.,c,o,m,/,s,i,t,e,/,p,a,g,e,s,/,s,a,m,p,l,e,.,a,s,p,?,T,y,p,e,=,9,5,-,R,a,d,i,o,l,o,g,y,&,S,a,m,p,l,e,=,2,4,0,-,M,y,o,c,a,r,d,i,a,l, ,P,e,r,f,u,s,i,o,n, ,I,m,a,g,i,n,g, ,-, ,2
h,t,t,p,s,:,/,/,w,w,w,.,m,t,s,a,m,p,l,e,s,.,c,o,m,/,s,i,t,e,/,p,a,g,e,s,/,s,a,m,p,l,e,.,a,s,p,?,T,y,p,e,=,9,5,-,R,a,d,i,o,l,o,g,y,&,S,a,m,p,l,e,=,9,8,4,-,M,y,o,c,a,r,d,i,a,l, ,P,e,r,f,u,s,i,o,n, ,I,m,a,g,i,n,g, ,-, ,3
h,t,t,p,s,:,/,/,w,w,w,.,m,t,s,a,m,p,l,e,s,.,c,o,m,/,s,i,t,e,/,p,a,g,e,s,/,s,a,m,p,l,e,.,a,s,p,?,T,y,p,e,=,9,5,-,R,a,d,i,o,l,o,g,y,&,S,a,m,p,l,e,=,4,4,-,M,y,o,v,i,e,w, ,P,e,r,f,u,s,i,o,n, ,S,c,a,n
h,t,t,p,s,:,/,/,w,w,w,.,m,t,s,a,m,p,l,e,s,.,c,o,m,/,s,i,t,e,/,p,a,g,e,s,/,s,a,m,p,l,e,.,a,s,p,?,T,y,p,e,=,9,5,-,R,a,d,i,o,l,o,g,y,&,S,a,m,p,l,e,=,4,5,5,-,N,o,r,m,a,l, ,L,-,S,p,i,n,e, ,M,R,I
h,t,t,p,s,:,/,/,w,w,w,.,m,t,s,a,m,p,l,e,s,.,c,o,m,/,s,i,t,e,/,p,a,g,e,s,/,s,a,m,p,l,e,.,a,s,p,?,T,y,p,e,=,9,5,-,R,a,d,i,o,l,o,g,y,&,S,a,m,p,l,e,=,1,9,2,0,-,N,u,c,l,e,a,r, ,C,a,r,d,i,a,c, ,S,t,r,e,s,s, ,R,e,p,o,r,t
h,t,t,p,s,:,/,/,w,w,w,.,m,t,s,a,m,p,l,e,s,.,c,o,m,/,s,i,t,e,/,p,a,g,e,s,/,s,a,m,p,l,e,.,a,s,p,?,T,y,p,e,=,9,5,-,R,a,d,i,o,l,o,g,y,&,S,a,m,p,l,e,=,1,8,6,2,-,N,u,c,l,e,a,r, ,M,e,d,i,c,i,n,e, ,L,y,m,p,h,a,t,i,c, ,S,c,a,n
h,t,t,p,s,:,/,/,w,w,w,.,m,t,s,a,m,p,l,e,s,.,c,o,m,/,s,i,t,e,/,p,a,g,e,s,/,s,a,m,p,l,e,.,a,s,p,?,T,y,p,e,=,9,5,-,R,a,d,i,o,l,o,g,y,&,S,a,m,p,l,e,=,2,4,8,-,N,u,c,l,e,a,r, ,M,e,d,i,c,i,n,e, ,T,u,m,o,r, ,L,o,c,a,l,i,z,a,t,i,o,n
h,t,t,p,s,:,/,/,w,w,w,.,m,t,s,a,m,p,l,e,s,.,c,o,m,/,s,i,t,e,/,p,a,g,e,s,/,s,a,m,p,l,e,.,a,s,p,?,T,y,p,e,=,9,5,-,R,a,d,i,o,l,o,g,y,&,S,a,m,p,l,e,=,1,0,3,0,-,P,a,r,a,c,e,n,t,e,s,i,s, ,-, ,U,l,t,r,a,s,o,u,n,d,-,G,u,i,d,e,d
h,t,t,p,s,:,/,/,w,w,w,.,m,t,s,a,m,p,l,e,s,.,c,o,m,/,s,i,t,e,/,p,a,g,e,s,/,s,a,m,p,l,e,.,a,s,p,?,T,y,p,e,=,9,5,-,R,a,d,i,o,l,o,g,y,&,S,a,m,p,l,e,=,8,4,0,-,P,E,T, ,R,e,p,o,r,t, ,-, ,W,h,o,l,e, ,B,o,d,y, ,S,c,a,n
h,t,t,p,s,:,/,/,w,w,w,.,m,t,s,a,m,p,l,e,s,.,c,o,m,/,s,i,t,e,/,p,a,g,e,s,/,s,a,m,p,l,e,.,a,s,p,?,T,y,p,e,=,9,5,-,R,a,d,i,o,l,o,g,y,&,S,a,m,p,l,e,=,2,3,7,9,-,P,r,o,s,t,a,t,e, ,B,r,a,c,h,y,t,h,e,r,a,p,y
h,t,t,p,s,:,/,/,w,w,w,.,m,t,s,a,m,p,l,e,s,.,c,o,m,/,s,i,t,e,/,p,a,g,e,s,/,s,a,m,p,l,e,.,a,s,p,?,T,y,p,e,=,9,5,-,R,a,d,i,o,l,o,g,y,&,S,a,m,p,l,e,=,1,7,1,2,-,R,a,d,i,o,f,r,e,q,u,e,n,c,y, ,A,b,l,a,t,i,o,n
h,t,t,p,s,:,/,/,w,w,w,.,m,t,s,a,m,p,l,e,s,.,c,o,m,/,s,i,t,e,/,p,a,g,e,s,/,s,a,m,p,l,e,.,a,s,p,?,T,y,p,e,=,9,5,-,R,a,d,i,o,l,o,g,y,&,S,a,m,p,l,e,=,1,8,7,9,-,R,a,d,i,o,f,r,e,q,u,e,n,c,y, ,T,h,e,r,m,o,c,o,a,g,u,l,a,t,i,o,n
h,t,t,p,s,:,/,/,w,w,w,.,m,t,s,a,m,p,l,e,s,.,c,o,m,/,s,i,t,e,/,p,a,g,e,s,/,s,a,m,p,l,e,.,a,s,p,?,T,y,p,e,=,9,5,-,R,a,d,i,o,l,o,g,y,&,S,a,m,p,l,e,=,1,8,8,1,-,R,a,d,i,o,f,r,e,q,u,e,n,c,y, ,T,h,e,r,m,o,c,o,a,g,u,l,a,t,i,o,n, ,-, ,1
h,t,t,p,s,:,/,/,w,w,w,.,m,t,s,a,m,p,l,e,s,.,c,o,m,/,s,i,t,e,/,p,a,g,e,s,/,s,a,m,p,l,e,.,a,s,p,?,T,y,p,e,=,9,5,-,R,a,d,i,o,l,o,g,y,&,S,a,m,p,l,e,=,1,8,8,5,-,R,a,d,i,o,f,r,e,q,u,e,n,c,y, ,T,h,e,r,m,o,c,o,a,g,u,l,a,t,i,o,n, ,-, ,2
h,t,t,p,s,:,/,/,w,w,w,.,m,t,s,a,m,p,l,e,s,.,c,o,m,/,s,i,t,e,/,p,a,g,e,s,/,s,a,m,p,l,e,.,a,s,p,?,T,y,p,e,=,9,5,-,R,a,d,i,o,l,o,g,y,&,S,a,m,p,l,e,=,2,5,8,-,R,a,d,i,o,l,o,g,i,c, ,E,x,a,m, ,-, ,S,p,i,n,e, 
h,t,t,p,s,:,/,/,w,w,w,.,m,t,s,a,m,p,l,e,s,.,c,o,m,/,s,i,t,e,/,p,a,g,e,s,/,s,a,m,p,l,e,.,a,s,p,?,T,y,p,e,=,9,5,-,R,a,d,i,o,l,o,g,y,&,S,a,m,p,l,e,=,1,6,7,3,-,R,a,d,i,o,n,u,c,l,i,d,e, ,S,t,r,e,s,s, ,T,e,s,t
h,t,t,p,s,:,/,/,w,w,w,.,m,t,s,a,m,p,l,e,s,.,c,o,m,/,s,i,t,e,/,p,a,g,e,s,/,s,a,m,p,l,e,.,a,s,p,?,T,y,p,e,=,9,5,-,R,a,d,i,o,l,o,g,y,&,S,a,m,p,l,e,=,1,0,3,9,-,R,e,n,a,l, ,U,l,t,r,a,s,o,u,n,d
h,t,t,p,s,:,/,/,w,w,w,.,m,t,s,a,m,p,l,e,s,.,c,o,m,/,s,i,t,e,/,p,a,g,e,s,/,s,a,m,p,l,e,.,a,s,p,?,T,y,p,e,=,9,5,-,R,a,d,i,o,l,o,g,y,&,S,a,m,p,l,e,=,1,4,0,4,-,R,e,n,a,l, ,U,l,t,r,a,s,o,u,n,d, ,-, ,1
h,t,t,p,s,:,/,/,w,w,w,.,m,t,s,a,m,p,l,e,s,.,c,o,m,/,s,i,t,e,/,p,a,g,e,s,/,s,a,m,p,l,e,.,a,s,p,?,T,y,p,e,=,9,5,-,R,a,d,i,o,l,o,g,y,&,S,a,m,p,l,e,=,1,4,1,6,-,R,i,g,h,t, ,F,o,o,t, ,S,e,r,i,e,s
h,t,t,p,s,:,/,/,w,w,w,.,m,t,s,a,m,p,l,e,s,.,c,o,m,/,s,i,t,e,/,p,a,g,e,s,/,s,a,m,p,l,e,.,a,s,p,?,T,y,p,e,=,9,5,-,R,a,d,i,o,l,o,g,y,&,S,a,m,p,l,e,=,5,2,8,-,S,A,H,",", ,C,o,n,t,u,s,i,o,n,",", ,S,k,u,l,l, ,F,r,a,c,t,u,r,e
h,t,t,p,s,:,/,/,w,w,w,.,m,t,s,a,m,p,l,e,s,.,c,o,m,/,s,i,t,e,/,p,a,g,e,s,/,s,a,m,p,l,e,.,a,s,p,?,T,y,p,e,=,9,5,-,R,a,d,i,o,l,o,g,y,&,S,a,m,p,l,e,=,1,0,2,3,-,S,i,n,g,l,e, ,F,r,o,n,t,a,l, ,V,i,e,w, ,-, ,C,h,e,s,t, ,-, ,P,e,d,i,a,t,r,i,c
h,t,t,p,s,:,/,/,w,w,w,.,m,t,s,a,m,p,l,e,s,.,c,o,m,/,s,i,t,e,/,p,a,g,e,s,/,s,a,m,p,l,e,.,a,s,p,?,T,y,p,e,=,9,5,-,R,a,d,i,o,l,o,g,y,&,S,a,m,p,l,e,=,1,0,2,7,-,S,i,n,g,l,e, ,F,r,o,n,t,a,l, ,V,i,e,w, ,o,f, ,C,h,e,s,t
h,t,t,p,s,:,/,/,w,w,w,.,m,t,s,a,m,p,l,e,s,.,c,o,m,/,s,i,t,e,/,p,a,g,e,s,/,s,a,m,p,l,e,.,a,s,p,?,T,y,p,e,=,9,5,-,R,a,d,i,o,l,o,g,y,&,S,a,m,p,l,e,=,9,9,3,-,S,l,i,p,p,e,d, ,C,a,p,i,t,a,l, ,F,e,m,o,r,a,l, ,E,p,i,p,h,y,s,i,s, ,(,S,C,F,E,)
h,t,t,p,s,:,/,/,w,w,w,.,m,t,s,a,m,p,l,e,s,.,c,o,m,/,s,i,t,e,/,p,a,g,e,s,/,s,a,m,p,l,e,.,a,s,p,?,T,y,p,e,=,9,5,-,R,a,d,i,o,l,o,g,y,&,S,a,m,p,l,e,=,4,1,-,S,t,r,e,s,s, ,T,e,s,t, ,A,d,e,n,o,s,i,n,e, ,M,y,o,v,i,e,w
h,t,t,p,s,:,/,/,w,w,w,.,m,t,s,a,m,p,l,e,s,.,c,o,m,/,s,i,t,e,/,p,a,g,e,s,/,s,a,m,p,l,e,.,a,s,p,?,T,y,p,e,=,9,5,-,R,a,d,i,o,l,o,g,y,&,S,a,m,p,l,e,=,2,3,8,-,S,t,r,e,s,s, ,T,e,s,t, ,B,r,u,c,e, ,P,r,o,t,o,c,o,l
h,t,t,p,s,:,/,/,w,w,w,.,m,t,s,a,m,p,l,e,s,.,c,o,m,/,s,i,t,e,/,p,a,g,e,s,/,s,a,m,p,l,e,.,a,s,p,?,T,y,p,e,=,9,5,-,R,a,d,i,o,l,o,g,y,&,S,a,m,p,l,e,=,5,4,-,S,t,r,e,s,s, ,T,e,s,t, ,D,o,b,u,t,a,m,i,n,e
h,t,t,p,s,:,/,/,w,w,w,.,m,t,s,a,m,p,l,e,s,.,c,o,m,/,s,i,t,e,/,p,a,g,e,s,/,s,a,m,p,l,e,.,a,s,p,?,T,y,p,e,=,9,5,-,R,a,d,i,o,l,o,g,y,&,S,a,m,p,l,e,=,4,3,-,S,t,r,e,s,s, ,T,e,s,t, ,D,o,b,u,t,a,m,i,n,e, ,M,y,o,v,i,e,w
h,t,t,p,s,:,/,/,w,w,w,.,m,t,s,a,m,p,l,e,s,.,c,o,m,/,s,i,t,e,/,p,a,g,e,s,/,s,a,m,p,l,e,.,a,s,p,?,T,y,p,e,=,9,5,-,R,a,d,i,o,l,o,g,y,&,S,a,m,p,l,e,=,5,6,-,S,t,r,e,s,s, ,T,e,s,t, ,D,o,b,u,t,r,e,x
h,t,t,p,s,:,/,/,w,w,w,.,m,t,s,a,m,p,l,e,s,.,c,o,m,/,s,i,t,e,/,p,a,g,e,s,/,s,a,m,p,l,e,.,a,s,p,?,T,y,p,e,=,9,5,-,R,a,d,i,o,l,o,g,y,&,S,a,m,p,l,e,=,4,2,-,S,t,r,e,s,s, ,T,e,s,t, ,G,r,a,d,e,d, ,E,x,e,r,c,i,s,e, ,T,r,e,a,d,m,i,l,l
h,t,t,p,s,:,/,/,w,w,w,.,m,t,s,a,m,p,l,e,s,.,c,o,m,/,s,i,t,e,/,p,a,g,e,s,/,s,a,m,p,l,e,.,a,s,p,?,T,y,p,e,=,9,5,-,R,a,d,i,o,l,o,g,y,&,S,a,m,p,l,e,=,5,5,-,S,t,r,e,s,s, ,T,e,s,t, ,T,h,a,l,l,i,u,m
h,t,t,p,s,:,/,/,w,w,w,.,m,t,s,a,m,p,l,e,s,.,c,o,m,/,s,i,t,e,/,p,a,g,e,s,/,s,a,m,p,l,e,.,a,s,p,?,T,y,p,e,=,9,5,-,R,a,d,i,o,l,o,g,y,&,S,a,m,p,l,e,=,2,7,8,6,-,T,a,i,l,o,r, ,B,u,n,i,o,n,e,c,t,o,m,y, ,w,i,t,h, ,S,c,r,e,w, ,F,i,x,a,t,i,o,n
h,t,t,p,s,:,/,/,w,w,w,.,m,t,s,a,m,p,l,e,s,.,c,o,m,/,s,i,t,e,/,p,a,g,e,s,/,s,a,m,p,l,e,.,a,s,p,?,T,y,p,e,=,9,5,-,R,a,d,i,o,l,o,g,y,&,S,a,m,p,l,e,=,1,7,7,8,-,T,e,s,t,i,c,u,l,a,r, ,U,l,t,r,a,s,o,u,n,d
h,t,t,p,s,:,/,/,w,w,w,.,m,t,s,a,m,p,l,e,s,.,c,o,m,/,s,i,t,e,/,p,a,g,e,s,/,s,a,m,p,l,e,.,a,s,p,?,T,y,p,e,=,9,5,-,R,a,d,i,o,l,o,g,y,&,S,a,m,p,l,e,=,1,8,6,0,-,T,h,r,e,e, ,V,i,e,w,s, ,-, ,A,n,k,l,e
h,t,t,p,s,:,/,/,w,w,w,.,m,t,s,a,m,p,l,e,s,.,c,o,m,/,s,i,t,e,/,p,a,g,e,s,/,s,a,m,p,l,e,.,a,s,p,?,T,y,p,e,=,9,5,-,R,a,d,i,o,l,o,g,y,&,S,a,m,p,l,e,=,1,8,5,9,-,T,h,r,e,e, ,V,i,e,w,s, ,-, ,F,o,o,t
h,t,t,p,s,:,/,/,w,w,w,.,m,t,s,a,m,p,l,e,s,.,c,o,m,/,s,i,t,e,/,p,a,g,e,s,/,s,a,m,p,l,e,.,a,s,p,?,T,y,p,e,=,9,5,-,R,a,d,i,o,l,o,g,y,&,S,a,m,p,l,e,=,1,3,9,9,-,T,r,a,n,s,e,s,o,p,h,a,g,e,a,l, ,E,c,h,o,c,a,r,d,i,o,g,r,a,m
h,t,t,p,s,:,/,/,w,w,w,.,m,t,s,a,m,p,l,e,s,.,c,o,m,/,s,i,t,e,/,p,a,g,e,s,/,s,a,m,p,l,e,.,a,s,p,?,T,y,p,e,=,9,5,-,R,a,d,i,o,l,o,g,y,&,S,a,m,p,l,e,=,1,6,0,6,-,T,r,a,n,s,e,s,o,p,h,a,g,e,a,l, ,E,c,h,o,c,a,r,d,i,o,g,r,a,m, ,-, ,1
h,t,t,p,s,:,/,/,w,w,w,.,m,t,s,a,m,p,l,e,s,.,c,o,m,/,s,i,t,e,/,p,a,g,e,s,/,s,a,m,p,l,e,.,a,s,p,?,T,y,p,e,=,9,5,-,R,a,d,i,o,l,o,g,y,&,S,a,m,p,l,e,=,1,6,0,9,-,T,r,a,n,s,e,s,o,p,h,a,g,e,a,l, ,E,c,h,o,c,a,r,d,i,o,g,r,a,m, ,-, ,2
h,t,t,p,s,:,/,/,w,w,w,.,m,t,s,a,m,p,l,e,s,.,c,o,m,/,s,i,t,e,/,p,a,g,e,s,/,s,a,m,p,l,e,.,a,s,p,?,T,y,p,e,=,9,5,-,R,a,d,i,o,l,o,g,y,&,S,a,m,p,l,e,=,1,7,8,8,-,T,r,a,n,s,e,s,o,p,h,a,g,e,a,l, ,E,c,h,o,c,a,r,d,i,o,g,r,a,m, ,-, ,3
h,t,t,p,s,:,/,/,w,w,w,.,m,t,s,a,m,p,l,e,s,.,c,o,m,/,s,i,t,e,/,p,a,g,e,s,/,s,a,m,p,l,e,.,a,s,p,?,T,y,p,e,=,9,5,-,R,a,d,i,o,l,o,g,y,&,S,a,m,p,l,e,=,1,9,2,4,-,T,r,a,n,s,e,s,o,p,h,a,g,e,a,l, ,E,c,h,o,c,a,r,d,i,o,g,r,a,m, ,-, ,4
h,t,t,p,s,:,/,/,w,w,w,.,m,t,s,a,m,p,l,e,s,.,c,o,m,/,s,i,t,e,/,p,a,g,e,s,/,s,a,m,p,l,e,.,a,s,p,?,T,y,p,e,=,9,5,-,R,a,d,i,o,l,o,g,y,&,S,a,m,p,l,e,=,1,9,2,5,-,T,r,a,n,s,e,s,o,p,h,a,g,e,a,l, ,E,c,h,o,c,a,r,d,i,o,g,r,a,m, ,-, ,5
h,t,t,p,s,:,/,/,w,w,w,.,m,t,s,a,m,p,l,e,s,.,c,o,m,/,s,i,t,e,/,p,a,g,e,s,/,s,a,m,p,l,e,.,a,s,p,?,T,y,p,e,=,9,5,-,R,a,d,i,o,l,o,g,y,&,S,a,m,p,l,e,=,1,9,9,4,-,T,r,a,n,s,e,s,o,p,h,a,g,e,a,l, ,E,c,h,o,c,a,r,d,i,o,g,r,a,m, ,-, ,6
h,t,t,p,s,:,/,/,w,w,w,.,m,t,s,a,m,p,l,e,s,.,c,o,m,/,s,i,t,e,/,p,a,g,e,s,/,s,a,m,p,l,e,.,a,s,p,?,T,y,p,e,=,9,5,-,R,a,d,i,o,l,o,g,y,&,S,a,m,p,l,e,=,1,6,0,3,-,T,r,a,n,s,t,h,o,r,a,c,i,c, ,E,c,h,o,c,a,r,d,i,o,g,r,a,p,h,y
h,t,t,p,s,:,/,/,w,w,w,.,m,t,s,a,m,p,l,e,s,.,c,o,m,/,s,i,t,e,/,p,a,g,e,s,/,s,a,m,p,l,e,.,a,s,p,?,T,y,p,e,=,9,5,-,R,a,d,i,o,l,o,g,y,&,S,a,m,p,l,e,=,1,8,8,7,-,T,u,n,-,L, ,C,a,t,h,e,t,e,r, ,P,l,a,c,e,m,e,n,t
h,t,t,p,s,:,/,/,w,w,w,.,m,t,s,a,m,p,l,e,s,.,c,o,m,/,s,i,t,e,/,p,a,g,e,s,/,s,a,m,p,l,e,.,a,s,p,?,T,y,p,e,=,9,5,-,R,a,d,i,o,l,o,g,y,&,S,a,m,p,l,e,=,9,8,2,-,U,l,t,r,a,s,o,u,n,d, ,-, ,A,b,d,o,m,e,n
h,t,t,p,s,:,/,/,w,w,w,.,m,t,s,a,m,p,l,e,s,.,c,o,m,/,s,i,t,e,/,p,a,g,e,s,/,s,a,m,p,l,e,.,a,s,p,?,T,y,p,e,=,9,5,-,R,a,d,i,o,l,o,g,y,&,S,a,m,p,l,e,=,1,3,9,0,-,U,l,t,r,a,s,o,u,n,d, ,-, ,A,b,d,o,m,e,n, ,-, ,1
h,t,t,p,s,:,/,/,w,w,w,.,m,t,s,a,m,p,l,e,s,.,c,o,m,/,s,i,t,e,/,p,a,g,e,s,/,s,a,m,p,l,e,.,a,s,p,?,T,y,p,e,=,9,5,-,R,a,d,i,o,l,o,g,y,&,S,a,m,p,l,e,=,4,7,-,U,l,t,r,a,s,o,u,n,d, ,-, ,C,a,r,o,t,i,d, ,-, ,1
h,t,t,p,s,:,/,/,w,w,w,.,m,t,s,a,m,p,l,e,s,.,c,o,m,/,s,i,t,e,/,p,a,g,e,s,/,s,a,m,p,l,e,.,a,s,p,?,T,y,p,e,=,9,5,-,R,a,d,i,o,l,o,g,y,&,S,a,m,p,l,e,=,2,5,1,-,U,l,t,r,a,s,o,u,n,d, ,-, ,C,a,r,o,t,i,d, ,-, ,2
h,t,t,p,s,:,/,/,w,w,w,.,m,t,s,a,m,p,l,e,s,.,c,o,m,/,s,i,t,e,/,p,a,g,e,s,/,s,a,m,p,l,e,.,a,s,p,?,T,y,p,e,=,9,5,-,R,a,d,i,o,l,o,g,y,&,S,a,m,p,l,e,=,2,5,5,-,U,l,t,r,a,s,o,u,n,d, ,-, ,K,i,d,n,e,y
h,t,t,p,s,:,/,/,w,w,w,.,m,t,s,a,m,p,l,e,s,.,c,o,m,/,s,i,t,e,/,p,a,g,e,s,/,s,a,m,p,l,e,.,a,s,p,?,T,y,p,e,=,9,5,-,R,a,d,i,o,l,o,g,y,&,S,a,m,p,l,e,=,1,5,1,7,-,U,l,t,r,a,s,o,u,n,d, ,-, ,L,o,w,e,r, ,E,x,t,r,e,m,i,t,y
h,t,t,p,s,:,/,/,w,w,w,.,m,t,s,a,m,p,l,e,s,.,c,o,m,/,s,i,t,e,/,p,a,g,e,s,/,s,a,m,p,l,e,.,a,s,p,?,T,y,p,e,=,9,5,-,R,a,d,i,o,l,o,g,y,&,S,a,m,p,l,e,=,1,8,5,6,-,U,l,t,r,a,s,o,u,n,d, ,-, ,L,o,w,e,r, ,E,x,t,r,e,m,i,t,y, ,-, ,1
h,t,t,p,s,:,/,/,w,w,w,.,m,t,s,a,m,p,l,e,s,.,c,o,m,/,s,i,t,e,/,p,a,g,e,s,/,s,a,m,p,l,e,.,a,s,p,?,T,y,p,e,=,9,5,-,R,a,d,i,o,l,o,g,y,&,S,a,m,p,l,e,=,1,0,2,0,-,U,l,t,r,a,s,o,u,n,d, ,-, ,N,e,c,k, ,S,o,f,t, ,T,i,s,s,u,e
h,t,t,p,s,:,/,/,w,w,w,.,m,t,s,a,m,p,l,e,s,.,c,o,m,/,s,i,t,e,/,p,a,g,e,s,/,s,a,m,p,l,e,.,a,s,p,?,T,y,p,e,=,9,5,-,R,a,d,i,o,l,o,g,y,&,S,a,m,p,l,e,=,2,5,9,-,U,l,t,r,a,s,o,u,n,d, ,-, ,P,e,l,v,i,s, 
h,t,t,p,s,:,/,/,w,w,w,.,m,t,s,a,m,p,l,e,s,.,c,o,m,/,s,i,t,e,/,p,a,g,e,s,/,s,a,m,p,l,e,.,a,s,p,?,T,y,p,e,=,9,5,-,R,a,d,i,o,l,o,g,y,&,S,a,m,p,l,e,=,2,5,2,-,U,l,t,r,a,s,o,u,n,d, ,-, ,T,r,a,n,s,v,a,g,i,n,a,l
h,t,t,p,s,:,/,/,w,w,w,.,m,t,s,a,m,p,l,e,s,.,c,o,m,/,s,i,t,e,/,p,a,g,e,s,/,s,a,m,p,l,e,.,a,s,p,?,T,y,p,e,=,9,5,-,R,a,d,i,o,l,o,g,y,&,S,a,m,p,l,e,=,1,3,8,9,-,U,l,t,r,a,s,o,u,n,d, ,O,B
h,t,t,p,s,:,/,/,w,w,w,.,m,t,s,a,m,p,l,e,s,.,c,o,m,/,s,i,t,e,/,p,a,g,e,s,/,s,a,m,p,l,e,.,a,s,p,?,T,y,p,e,=,9,5,-,R,a,d,i,o,l,o,g,y,&,S,a,m,p,l,e,=,2,4,7,-,U,l,t,r,a,s,o,u,n,d, ,O,B, ,-, ,1
h,t,t,p,s,:,/,/,w,w,w,.,m,t,s,a,m,p,l,e,s,.,c,o,m,/,s,i,t,e,/,p,a,g,e,s,/,s,a,m,p,l,e,.,a,s,p,?,T,y,p,e,=,9,5,-,R,a,d,i,o,l,o,g,y,&,S,a,m,p,l,e,=,8,5,1,-,U,l,t,r,a,s,o,u,n,d, ,O,B, ,-, ,2
h,t,t,p,s,:,/,/,w,w,w,.,m,t,s,a,m,p,l,e,s,.,c,o,m,/,s,i,t,e,/,p,a,g,e,s,/,s,a,m,p,l,e,.,a,s,p,?,T,y,p,e,=,9,5,-,R,a,d,i,o,l,o,g,y,&,S,a,m,p,l,e,=,8,4,9,-,U,l,t,r,a,s,o,u,n,d, ,O,B, ,-, ,3
h,t,t,p,s,:,/,/,w,w,w,.,m,t,s,a,m,p,l,e,s,.,c,o,m,/,s,i,t,e,/,p,a,g,e,s,/,s,a,m,p,l,e,.,a,s,p,?,T,y,p,e,=,9,5,-,R,a,d,i,o,l,o,g,y,&,S,a,m,p,l,e,=,8,4,8,-,U,l,t,r,a,s,o,u,n,d, ,O,B, ,-, ,4
h,t,t,p,s,:,/,/,w,w,w,.,m,t,s,a,m,p,l,e,s,.,c,o,m,/,s,i,t,e,/,p,a,g,e,s,/,s,a,m,p,l,e,.,a,s,p,?,T,y,p,e,=,9,5,-,R,a,d,i,o,l,o,g,y,&,S,a,m,p,l,e,=,8,4,7,-,U,l,t,r,a,s,o,u,n,d, ,O,B, ,-, ,5
h,t,t,p,s,:,/,/,w,w,w,.,m,t,s,a,m,p,l,e,s,.,c,o,m,/,s,i,t,e,/,p,a,g,e,s,/,s,a,m,p,l,e,.,a,s,p,?,T,y,p,e,=,9,5,-,R,a,d,i,o,l,o,g,y,&,S,a,m,p,l,e,=,8,4,6,-,U,l,t,r,a,s,o,u,n,d, ,O,B, ,-, ,6
h,t,t,p,s,:,/,/,w,w,w,.,m,t,s,a,m,p,l,e,s,.,c,o,m,/,s,i,t,e,/,p,a,g,e,s,/,s,a,m,p,l,e,.,a,s,p,?,T,y,p,e,=,9,5,-,R,a,d,i,o,l,o,g,y,&,S,a,m,p,l,e,=,8,4,5,-,U,l,t,r,a,s,o,u,n,d, ,O,B, ,-, ,7
h,t,t,p,s,:,/,/,w,w,w,.,m,t,s,a,m,p,l,e,s,.,c,o,m,/,s,i,t,e,/,p,a,g,e,s,/,s,a,m,p,l,e,.,a,s,p,?,T,y,p,e,=,9,5,-,R,a,d,i,o,l,o,g,y,&,S,a,m,p,l,e,=,1,7,7,6,-,U,l,t,r,a,s,o,u,n,d, ,O,B, ,-, ,8
h,t,t,p,s,:,/,/,w,w,w,.,m,t,s,a,m,p,l,e,s,.,c,o,m,/,s,i,t,e,/,p,a,g,e,s,/,s,a,m,p,l,e,.,a,s,p,?,T,y,p,e,=,9,5,-,R,a,d,i,o,l,o,g,y,&,S,a,m,p,l,e,=,1,8,5,7,-,U,l,t,r,a,s,o,u,n,d, ,S,c,r,o,t,u,m
h,t,t,p,s,:,/,/,w,w,w,.,m,t,s,a,m,p,l,e,s,.,c,o,m,/,s,i,t,e,/,p,a,g,e,s,/,s,a,m,p,l,e,.,a,s,p,?,T,y,p,e,=,9,5,-,R,a,d,i,o,l,o,g,y,&,S,a,m,p,l,e,=,9,0,8,-,W,h,o,l,e, ,B,o,d,y, ,R,a,d,i,o,n,u,c,l,i,d,e, ,B,o,n,e, ,S,c,a,n
h,t,t,p,s,:,/,/,w,w,w,.,m,t,s,a,m,p,l,e,s,.,c,o,m,/,s,i,t,e,/,p,a,g,e,s,/,s,a,m,p,l,e,.,a,s,p,?,T,y,p,e,=,9,5,-,R,a,d,i,o,l,o,g,y,&,S,a,m,p,l,e,=,1,0,3,6,-,X,-,R,A,Y, ,-, ,N,e,c,k, ,S,o,f,t, ,T,i,s,s,u,e,s
